place_id,common_name,lat,lon,terminal_name,installed,temporary,install_date,removal_date,valid_from,valid_to
BikePoints_1,"River Street , Clerkenwell",51.529163,-0.10997,001023,true,false,2010-07-12,,2022-04-29,
BikePoints_2,"Phillimore Gardens, Kensington",51.499606,-0.197574,001018,true,false,2010-07-08,,2022-04-29,
BikePoints_3,"Christopher Street, Liverpool Street",51.521283,-0.084605,001012,true,false,2010-07-04,,2022-04-29,
BikePoints_4,"St. Chad's Street, King's Cross",51.530059,-0.120973,001013,true,false,2010-07-04,,2022-04-29,
BikePoints_5,"Sedding Street, Sloane Square",51.49313,-0.156876,003420,true,false,2010-07-04,,2022-04-29,
BikePoints_6,"Broadcasting House, Marylebone",51.518117,-0.144228,003424,true,false,2010-07-04,,2022-04-29,
BikePoints_7,"Charlbert Street, St. John's Wood",51.5343,-0.168074,003422,true,false,2010-07-04,,2022-04-29,
BikePoints_8,"Maida Vale, Maida Vale",51.529857,-0.183486,003423,true,false,2018-10-31,,2022-04-29,
BikePoints_9,"New Globe Walk, Bankside",51.507385,-0.09644,001015,true,false,2010-07-04,,2022-04-29,
BikePoints_10,"Park Street, Bankside",51.505974,-0.092754,001024,true,false,2010-07-04,,2022-04-29,
BikePoints_11,"Brunswick Square, Bloomsbury",51.523951,-0.122502,001022,true,false,2010-07-05,,2022-04-29,
BikePoints_12,"Malet Street, Bloomsbury",51.52168,-0.130431,000980,true,false,2010-07-05,,2022-04-29,
BikePoints_13,"Scala Street, Fitzrovia",51.519914,-0.136039,000970,true,false,2010-07-05,,2022-04-29,
BikePoints_14,"Belgrove Street , King's Cross",51.529943,-0.123616,001011,true,false,2010-07-05,,2022-04-29,2023-07-18
BikePoints_14,"Arglye Street, Kings Cross",51.529416,-0.123944,001011,true,false,2010-07-05,,2023-07-18,2023-07-19
BikePoints_14,"Argyle Street, Kings Cross",51.529416,-0.123944,001011,true,false,2010-07-05,,2023-07-19,
BikePoints_15,"Great Russell Street, Bloomsbury",51.517727,-0.127854,000988,true,false,2010-07-05,,2022-04-29,
BikePoints_16,"Cartwright Gardens , Bloomsbury",51.526357,-0.125979,001010,true,false,2010-07-05,,2022-04-29,
BikePoints_17,"Hatton Wall, Holborn",51.521661,-0.109006,001008,true,false,2010-07-06,,2022-04-29,
BikePoints_18,"Drury Lane, Covent Garden",51.51477,-0.122219,001007,true,false,2010-07-06,,2022-04-29,
BikePoints_19,"Taviton Street, Bloomsbury",51.52505,-0.131161,001009,true,false,2010-07-06,,2022-04-29,
BikePoints_20,"Drummond Street , Euston",51.527326,-0.136052,000993,true,false,2018-12-13,,2022-04-29,
BikePoints_21,"Lansdowne Drive, Hackney Central",51.539834,-0.062806,003426,true,false,2010-07-06,,2022-04-29,
BikePoints_22,"Northington Street , Holborn",51.522264,-0.114079,003425,true,false,2010-07-06,,2022-04-29,
BikePoints_23,"Red Lion Square, Holborn",51.519435,-0.119123,003421,true,false,2010-07-06,,2022-04-29,
BikePoints_24,"British Museum, Bloomsbury",51.51908,-0.124678,000981,true,false,2010-07-06,,2022-04-29,
BikePoints_25,"Doric Way , Somers Town",51.528833,-0.13225,001004,true,false,2010-07-06,,2022-04-29,
BikePoints_26,"Ampton Street , Clerkenwell",51.52728,-0.118295,001019,true,false,2010-07-06,,2022-04-29,
BikePoints_27,"Bouverie Street, Temple",51.513821,-0.107927,001021,true,false,2010-07-07,,2022-04-29,
BikePoints_28,"Bolsover Street, Fitzrovia",51.523518,-0.143613,001025,true,false,2010-07-07,,2022-04-29,
BikePoints_29,"Hereford Road, Bayswater",51.513735,-0.193487,001016,true,false,2010-07-07,,2022-04-29,
BikePoints_30,"Windsor Terrace, Hoxton",51.529154,-0.093421,001029,true,false,2010-07-07,,2022-04-29,
BikePoints_31,"Fanshaw Street, Hoxton",51.529537,-0.083353,003427,true,false,2010-07-07,,2022-04-29,
BikePoints_32,"Leonard Circus , Shoreditch",51.524696,-0.084439,001020,true,false,2010-07-07,,2022-04-29,
BikePoints_33,"Central House, Aldgate",51.515231,-0.07015,003430,true,false,2010-07-07,,2022-04-29,
BikePoints_34,"Pancras Road, King's Cross",51.534123,-0.129386,003428,true,false,2010-07-07,,2022-04-29,
BikePoints_36,"De Vere Gardens, Kensington",51.501737,-0.18498,003446,true,false,2010-07-07,,2022-04-29,
BikePoints_37,"Penywern Road, Earl's Court",51.491593,-0.192369,003444,true,false,2010-07-07,,2022-04-29,
BikePoints_38,"Abingdon Villas, Kensington",51.497387,-0.197245,003442,true,false,2010-07-08,,2022-04-29,
BikePoints_39,"Shoreditch High Street, Shoreditch",51.526377,-0.07813,003445,true,false,2010-07-08,,2022-04-29,
BikePoints_40,"Commercial Street, Shoreditch",51.52127,-0.075578,001083,true,false,2010-07-08,,2022-04-29,
BikePoints_41,"Pindar Street, Liverpool Street",51.520955,-0.083493,001084,true,false,2010-07-08,,2022-04-29,
BikePoints_42,"Wenlock Road , Hoxton",51.530991,-0.093903,000979,true,false,2010-07-08,,2022-04-29,
BikePoints_43,"Crawford Street, Marylebone",51.52026,-0.157183,001036,true,false,2010-07-09,,2022-04-29,
BikePoints_44,"Bruton Street, Mayfair",51.510736,-0.144165,001034,true,false,2010-07-09,,2022-04-29,
BikePoints_45,"Boston Place, Marylebone",51.522511,-0.162298,001035,true,false,2010-07-09,,2022-04-29,
BikePoints_46,"Nesham Street, Wapping",51.507131,-0.06691,001031,true,false,2010-07-09,,2022-04-29,
BikePoints_47,"Warwick Avenue Station, Maida Vale",51.523344,-0.183846,001027,true,false,2010-07-10,,2022-04-29,
BikePoints_48,"Godliman Street, St. Paul's",51.512484,-0.099141,000971,true,false,2010-07-10,,2022-04-29,
BikePoints_49,"Curzon Street, Mayfair",51.507069,-0.145904,003437,true,false,2010-07-10,,2022-04-29,
BikePoints_50,"East Road, Hoxton",51.528673,-0.087459,001054,true,false,2010-07-10,,2022-04-29,
BikePoints_51,"Finsbury Library , Finsbury",51.526717,-0.104298,000986,true,false,2010-07-10,,2022-04-29,
BikePoints_52,"Roscoe Street, St. Luke's",51.522954,-0.094934,001026,true,false,2010-07-10,,2022-04-29,
BikePoints_53,"Grafton Street, Mayfair",51.509992,-0.143495,003431,true,false,2010-07-10,,2022-04-29,
BikePoints_54,"Golden Lane, Barbican",51.521747,-0.094475,000967,true,false,2010-07-10,,2022-04-29,
BikePoints_55,"Finsbury Circus, Liverpool Street",51.517075,-0.086685,000984,true,false,2010-07-10,,2022-04-29,
BikePoints_56,"Paddington Street, Marylebone",51.520583,-0.154701,001033,true,false,2010-07-10,,2022-04-29,
BikePoints_57,"Guilford Street , Bloomsbury",51.523346,-0.120202,000974,true,false,2010-07-10,,2022-04-29,
BikePoints_58,"New Inn Yard, Shoreditch",51.524526,-0.079248,001032,true,false,2010-07-10,,2022-04-29,
BikePoints_60,"Lisson Grove, St. John's Wood",51.526448,-0.17219,001030,true,false,2010-07-10,,2022-04-29,
BikePoints_61,"Great Dover Street, The Borough",51.497382,-0.089446,001017,true,false,2010-07-10,,2022-04-29,
BikePoints_62,"Cotton Garden Estate, Kennington",51.490757,-0.106323,000990,true,false,2010-07-10,,2022-04-29,
BikePoints_63,"Murray Grove , Hoxton",51.53089,-0.089782,000989,true,false,2010-07-10,,2022-04-29,
BikePoints_64,"William IV Street, Strand",51.509462,-0.124749,001028,true,false,2010-07-10,,2022-04-29,
BikePoints_65,"Gower Place , Euston",51.525227,-0.135188,000969,true,false,2010-07-11,,2022-07-20,
BikePoints_66,"Holborn Circus, Holborn",51.51795,-0.108657,000982,true,false,2010-07-11,,2022-04-29,
BikePoints_67,"Hatton Garden, Holborn",51.518825,-0.108028,000985,true,false,2010-07-11,,2022-04-29,
BikePoints_68,"Theobald's Road , Holborn",51.520596,-0.116688,000975,true,false,2010-07-11,,2022-04-29,
BikePoints_69,"Euston Road, Euston",51.526236,-0.134407,000983,true,false,2010-07-11,,2022-04-29,
BikePoints_70,"Calshot Street , King's Cross",51.53136,-0.117069,001066,true,false,2010-07-11,,2022-04-29,
BikePoints_71,"Newgate Street , St. Paul's",51.515418,-0.09885,001074,true,false,2010-07-12,,2022-04-29,2023-04-03
BikePoints_71,"Newgate Street , St. Paul's",51.515418,-0.09885,001074,true,true,2010-07-12,,2023-04-03,2024-04-01
BikePoints_71,"Newgate Street , St. Paul's",51.515418,-0.09885,001074,true,false,2010-07-12,,2024-04-01,2024-04-02
BikePoints_71,"Newgate Street , St. Paul's",51.515418,-0.09885,001074,true,true,2010-07-12,,2024-04-02,2024-04-10
BikePoints_71,"Newgate Street , St. Paul's",51.515418,-0.09885,001074,true,false,2010-07-12,,2024-04-10,2024-07-17
BikePoints_71,"Newgate Street , St. Paul's",51.515768,-0.099894,001074,true,false,2010-07-12,,2024-07-17,
BikePoints_72,"Farringdon Lane, Clerkenwell",51.52352,-0.10834,003432,true,false,2010-06-19,,2022-04-29,
BikePoints_73,"Old Street Station, St. Luke's",51.52548,-0.089659,001064,true,false,2010-07-12,,2022-04-29,2023-12-19
BikePoints_73,"Old Street Station, St. Luke's",51.525615,-0.088532,001064,true,false,2010-07-12,,2023-12-19,2023-12-20
BikePoints_73,"Old Street Station, St. Luke's",51.52548,-0.089659,001064,true,false,2010-07-12,,2023-12-20,2023-12-23
BikePoints_73,"Old Street Station, St. Luke's",51.525615,-0.088532,001064,true,false,2010-07-12,,2023-12-23,
BikePoints_74,"Vauxhall Cross, Vauxhall",51.485917,-0.124469,001000,true,false,2010-07-12,,2022-04-29,
BikePoints_75,"Torrens Street, Angel",51.532199,-0.10548,001060,true,false,2010-07-12,,2022-04-29,
BikePoints_76,"Longford Street, The Regent's Park",51.525595,-0.144083,000976,true,false,2010-07-12,,2022-04-29,
BikePoints_77,"Russell Square Station, Bloomsbury",51.523418,-0.124121,000978,true,false,2010-07-12,,2022-04-29,
BikePoints_78,"Sadlers Sports Centre, Finsbury",51.524868,-0.099489,003433,true,false,2010-07-12,,2022-04-29,
BikePoints_79,"Arundel Street, Temple",51.511726,-0.113855,003455,true,false,2017-10-26,,2022-04-29,
BikePoints_80,"Webber Street , Southwark",51.500693,-0.102091,003448,true,false,2010-07-12,,2022-04-29,
BikePoints_81,"Great Titchfield Street, Fitzrovia",51.520253,-0.141327,003450,true,false,2010-07-13,,2022-04-29,
BikePoints_82,"Chancery Lane, Holborn",51.514274,-0.111257,003453,true,false,2010-07-13,,2022-04-29,
BikePoints_83,"Panton Street, West End",51.509639,-0.13151,003452,true,false,2010-07-13,,2022-04-29,
BikePoints_84,"Breams Buildings, Holborn",51.515937,-0.111778,003449,true,false,2010-07-13,,2022-04-29,
BikePoints_85,"Tanner Street, Bermondsey",51.500647,-0.0786,000994,true,false,2010-07-13,,2022-04-29,
BikePoints_86,"Sancroft Street, Vauxhall",51.489479,-0.115156,003434,true,false,2010-07-13,,2022-04-29,
BikePoints_87,"Devonshire Square, Liverpool Street",51.516468,-0.079684,003438,true,false,2010-07-13,,2022-04-29,2026-07-26
BikePoints_87,"Devonshire Square, Liverpool Street",51.516468,-0.079684,003438,false,false,2010-07-13,,2026-07-26,2026-07-28
BikePoints_87,"Devonshire Square, Liverpool Street",51.516468,-0.079684,003438,true,false,2010-07-13,,2026-07-28,
BikePoints_88,"Bayley Street , Bloomsbury",51.518587,-0.132053,001006,true,false,2010-07-13,,2022-04-29,2024-12-14
BikePoints_88,"Percy Street, Bloomsbury",51.51863,-0.132676,001006,true,false,2010-07-13,,2024-12-14,2025-07-04
BikePoints_88,"Bayley Street , Bloomsbury",51.51863,-0.132676,001006,true,false,2010-07-13,,2025-07-04,2025-07-05
BikePoints_88,"Percy Street, Bloomsbury",51.51863,-0.132676,001006,true,false,2010-07-13,,2025-07-05,
BikePoints_89,"Tavistock Place, Bloomsbury",51.52625,-0.123509,003439,true,false,2010-07-13,,2022-04-29,
BikePoints_90,"Harrington Square 1, Camden Town",51.533019,-0.139174,001038,true,false,2010-07-13,,2022-04-29,
BikePoints_91,"Walnut Tree Walk, Vauxhall",51.493686,-0.111014,001076,true,false,2010-07-13,,2022-04-29,
BikePoints_92,"Borough Road, Elephant & Castle",51.498898,-0.10044,001082,true,false,2010-07-13,,2022-04-29,
BikePoints_93,"Cloudesley Road, Angel",51.534408,-0.109025,002586,true,false,2010-07-13,,2022-04-29,
BikePoints_94,"Bricklayers Arms, Borough",51.495061,-0.085814,001070,true,false,2010-07-13,,2022-04-29,
BikePoints_95,"Aldersgate Street, Barbican",51.520841,-0.09734,001065,true,false,2010-07-14,,2022-04-29,
BikePoints_96,"Falkirk Street, Hoxton",51.53095,-0.078505,001047,true,false,2010-07-14,,2022-04-29,
BikePoints_97,"Gloucester Road (North), Kensington",51.497924,-0.183834,003447,true,false,2010-07-14,,2022-04-29,
BikePoints_98,"Hampstead Road, Euston",51.525542,-0.138231,000972,true,false,2010-07-14,,2022-04-29,
BikePoints_99,"Old Quebec Street, Marylebone",51.514577,-0.158264,001085,true,false,2010-07-14,,2022-04-29,
BikePoints_100,"Albert Embankment, Vauxhall",51.490435,-0.122806,001059,true,false,2010-07-14,,2022-04-29,
BikePoints_101,"Queen Street 1, Bank",51.511553,-0.09294,000999,true,false,2010-07-14,,2022-04-29,
BikePoints_102,"Jewry Street, Aldgate",51.513406,-0.076793,001045,true,false,2010-07-14,,2022-04-29,
BikePoints_103,"Vicarage Gate, Kensington",51.504723,-0.192538,003441,true,false,2010-07-14,,2022-04-29,
BikePoints_104,"Crosswall, Tower",51.511594,-0.077121,000991,true,false,2010-07-14,,2022-04-29,
BikePoints_105,"Westbourne Grove, Bayswater",51.515529,-0.19024,001041,true,false,2010-07-14,,2022-04-29,
BikePoints_106,"Woodstock Street, Mayfair",51.514105,-0.147301,001042,true,false,2010-07-14,,2022-04-29,
BikePoints_107,"Finsbury Leisure Centre, St. Luke's",51.526008,-0.096317,001049,true,false,2010-07-14,,2022-04-29,
BikePoints_108,"Abbey Orchard Street, Westminster",51.498125,-0.132102,003429,true,false,2010-07-14,,2022-04-29,
BikePoints_109,"Soho Square , Soho",51.515631,-0.132328,001052,true,false,2010-07-14,,2022-04-29,
BikePoints_110,"Wellington Road, St. John's Wood",51.533043,-0.172528,001055,true,false,2010-07-14,,2022-04-29,
BikePoints_111,"Park Lane , Hyde Park",51.510017,-0.157275,001037,true,false,2010-07-14,,2022-04-29,
BikePoints_112,"Stonecutter Street, Holborn",51.515809,-0.10527,001061,true,false,2010-07-14,,2022-04-29,
BikePoints_113,"Gloucester Road (Central), South Kensington",51.496462,-0.183289,003435,true,false,2010-07-14,,2022-04-29,
BikePoints_114,"Park Road (Baker Street), The Regent's Park",51.524517,-0.158963,001050,true,false,2010-07-14,,2022-04-29,
BikePoints_115,"Braham Street, Aldgate",51.514233,-0.073537,001062,true,false,2010-07-14,,2022-04-29,
BikePoints_116,"Little Argyll Street, West End",51.514499,-0.141423,000995,true,false,2010-07-14,,2022-04-29,
BikePoints_117,"Lollard Street, Vauxhall",51.49288,-0.114934,000998,true,false,2010-07-14,,2022-04-29,
BikePoints_118,"Rochester Row, Westminster",51.495827,-0.135478,003457,true,false,2010-07-14,,2022-04-29,
BikePoints_119,"Bath Street, St. Luke's",51.525893,-0.090847,000964,true,false,2010-07-14,,2022-04-29,2024-08-23
BikePoints_119,"Bath Street, St. Lke's",51.525893,-0.090847,000964,true,false,2010-07-14,,2024-08-23,2024-08-30
BikePoints_119,"Bath Street, St. Luke's",51.525893,-0.090847,000964,true,false,2010-07-14,,2024-08-30,
BikePoints_120,"The Guildhall, Guildhall",51.515735,-0.09308,001044,true,false,2010-07-15,,2022-04-29,
BikePoints_121,"Baker Street, Marylebone",51.518913,-0.156166,001086,true,false,2010-07-15,,2022-04-29,
BikePoints_122,"Norton Folgate, Liverpool Street",51.521113,-0.078869,001068,true,false,2010-07-15,,2022-04-29,
BikePoints_123,"St. John Street, Finsbury",51.52836,-0.104724,000992,true,false,2010-07-15,,2022-04-29,
BikePoints_124,"Eaton Square, Belgravia",51.496544,-0.150905,001069,true,false,2010-07-15,,2022-04-29,2023-11-02
BikePoints_124,"Eaton Square, Belgravia",51.496544,-0.150905,001069,true,true,2010-07-15,,2023-11-02,2025-01-20
BikePoints_124,"Eaton Square, Belgravia",51.496544,-0.150905,001069,true,false,2010-07-15,,2025-01-20,
BikePoints_125,"Borough High Street, The Borough",51.500694,-0.094524,000996,true,false,2010-07-15,,2022-04-29,
BikePoints_126,"Museum of London, Barbican",51.517821,-0.096496,001043,true,false,2010-07-15,,2022-04-29,
BikePoints_127,"Wood Street, Guildhall",51.517008,-0.093885,001063,true,false,2010-07-15,,2022-04-29,
BikePoints_128,"Emperor's Gate, South Kensington",51.495362,-0.185296,001116,true,false,2010-07-15,,2022-04-29,
BikePoints_129,"Golden Square, Soho",51.511897,-0.137043,003451,true,false,2010-07-15,,2022-04-29,
BikePoints_130,"Tower Gardens , Tower",51.509506,-0.075459,001071,true,false,2010-07-15,,2022-04-29,
BikePoints_131,"Eversholt Street , Camden Town",51.533005,-0.136792,001005,true,false,2010-07-15,,2022-04-29,
BikePoints_132,"Bethnal Green Road, Shoreditch",51.523648,-0.074754,000973,true,false,2010-07-15,,2022-04-29,
BikePoints_133,"Derry Street, Kensington",51.501364,-0.191462,003436,true,false,2010-07-15,,2022-04-29,
BikePoints_134,"Wapping High Street, Wapping",51.504904,-0.06797,001039,true,false,2010-07-15,,2022-04-29,
BikePoints_135,"Clerkenwell Green, Clerkenwell",51.52326,-0.104708,001053,true,false,2010-07-15,,2022-04-29,
BikePoints_136,"Queen Victoria Street, St. Paul's",51.511961,-0.097441,001048,true,false,2010-07-15,,2022-04-29,
BikePoints_138,"Green Street, Mayfair",51.512276,-0.157436,003464,true,false,2010-07-15,,2022-04-29,
BikePoints_139,"Lambeth Road, Vauxhall",51.494881,-0.117974,001078,true,false,2010-07-15,,2022-04-29,
BikePoints_140,"Finsbury Square , Moorgate",51.520962,-0.085634,001056,true,false,2010-07-15,,2022-04-29,
BikePoints_141,"Chapel Place, Marylebone",51.515308,-0.147203,001003,true,false,2010-07-15,,2022-04-29,
BikePoints_142,"West Cromwell Road, Earl's Court",51.493724,-0.198286,001001,true,false,2010-07-15,,2022-04-29,
BikePoints_143,"Pont Street, Knightsbridge",51.496886,-0.161203,001114,true,false,2010-07-15,,2022-04-29,
BikePoints_144,"Kennington Cross, Kennington",51.48894,-0.111435,001093,true,false,2010-07-15,,2022-04-29,
BikePoints_145,"Ilchester Place, Kensington",51.500743,-0.202759,001115,true,false,2010-07-15,,2022-04-29,
BikePoints_146,"Vauxhall Bridge , Pimlico",51.488365,-0.129361,001046,true,false,2010-07-15,,2022-04-29,
BikePoints_147,"Portugal Street, Holborn",51.514943,-0.116146,003456,true,false,2010-07-15,,2022-07-18,
BikePoints_148,"Tachbrook Street, Victoria",51.492111,-0.138364,000965,true,false,,,2022-04-29,
BikePoints_149,"Kennington Road Post Office, Oval",51.484788,-0.110683,001073,true,false,2010-07-15,,2022-04-29,
BikePoints_150,"Holy Trinity Brompton, Knightsbridge",51.497056,-0.168917,001002,true,false,2010-07-15,,2022-04-29,
BikePoints_151,"Chepstow Villas, Notting Hill",51.512136,-0.201554,001120,true,false,2010-07-15,,2022-06-06,
BikePoints_152,"Hampton Street, Walworth",51.49217,-0.101536,001118,true,false,2010-07-15,,2022-04-29,
BikePoints_153,"Bayswater Road, Hyde Park",51.511933,-0.174411,001096,true,false,2010-07-15,,2022-04-29,
BikePoints_154,"Waterloo Station 3, Waterloo",51.503791,-0.112824,001072,true,false,,,2022-04-29,
BikePoints_155,"Lexham Gardens, Kensington",51.495866,-0.191933,001121,true,false,2010-07-16,,2022-04-29,
BikePoints_156,"New Kent Road, The Borough",51.494436,-0.092921,000966,true,false,2010-07-16,,2022-04-29,
BikePoints_157,"Wright's Lane, Kensington",51.500397,-0.193068,001094,true,false,2010-07-16,,2022-04-29,
BikePoints_158,"Trebovir Road, Earl's Court",51.490853,-0.19617,001113,true,false,2010-07-16,,2022-04-29,
BikePoints_160,"Waterloo Place, St. James's",51.506633,-0.131773,003458,true,false,2010-07-16,,2022-04-29,
BikePoints_161,"Guildhouse Street, Victoria",51.492345,-0.141334,003478,true,false,2010-07-16,,2022-04-29,
BikePoints_162,"Southampton Place, Holborn",51.517606,-0.121328,001123,true,false,2010-07-16,,2022-04-29,
BikePoints_163,"Sloane Avenue, Knightsbridge",51.493184,-0.167894,003461,true,false,2010-07-16,,2022-04-29,
BikePoints_164,"Cleveland Gardens, Bayswater",51.515607,-0.183118,001178,true,false,2010-07-16,,2022-04-29,
BikePoints_165,"Orsett Terrace, Bayswater",51.517932,-0.183716,002585,true,false,2010-07-16,,2022-04-29,
BikePoints_166,"Seville Street, Knightsbridge",51.501855,-0.159237,001177,true,false,2010-07-16,,2022-04-29,
BikePoints_167,"Eccleston Place, Victoria",51.49395,-0.147624,003465,true,false,,,2022-04-29,
BikePoints_168,"Argyll Road, Kensington",51.500401,-0.195455,003463,true,false,2010-07-16,,2022-04-29,
BikePoints_169,"Porchester Place, Paddington",51.514746,-0.165164,003477,true,false,2010-07-16,,2022-04-29,
BikePoints_170,"Hardwick Street, Clerkenwell",51.527842,-0.108068,001057,true,false,2010-07-16,,2022-04-29,2023-03-22
BikePoints_170,"Hardwick Street, Clerkenwell_OLD",51.527842,-0.108068,001057444,true,false,2010-07-16,,2023-03-22,2023-03-23
BikePoints_170,"Hardwick Street, Clerkenwell",51.527842,-0.108068,001057,true,false,2010-07-16,,2023-03-23,
BikePoints_171,"Collingham Gardens, Earl's Court",51.491615,-0.186753,003459,true,false,2010-07-16,,2022-04-29,
BikePoints_172,"Sumner Place, South Kensington",51.491211,-0.173715,001124,true,false,2010-07-16,,2022-04-29,
BikePoints_173,"Waterloo Road, South Bank",51.50486,-0.113001,001176,true,false,2010-07-16,,2022-04-29,
BikePoints_174,"Strand, Strand",51.512582,-0.115057,001100,true,false,2010-07-16,,2022-04-29,
BikePoints_175,"Worship Street, Shoreditch",51.521668,-0.079608,000997,true,false,2018-06-22,,2022-04-29,
BikePoints_176,"Gloucester Terrace, Bayswater",51.517919,-0.188098,001173,true,false,2010-07-16,,2022-04-29,
BikePoints_177,"Ashley Place, Victoria",51.49616,-0.140947,001122,true,false,2010-07-16,,2022-04-29,
BikePoints_178,"Warwick Square, Pimlico",51.489856,-0.141923,003460,true,false,2010-07-16,,2022-04-29,
BikePoints_180,"North Audley Street, Mayfair",51.512911,-0.153645,001126,true,false,2010-07-16,,2022-04-29,
BikePoints_181,"Belgrave Square, Belgravia",51.499412,-0.152317,003473,true,false,2010-07-16,,2022-04-29,
BikePoints_182,"Bell Street , Marylebone",51.522029,-0.165842,001166,true,false,2010-07-17,,2022-04-29,
BikePoints_183,"Riverlight North, Nine Elms",51.482362,-0.136123,001165,true,false,2010-07-17,,2022-04-29,
BikePoints_184,"Portland Place, Marylebone",51.520715,-0.145211,001164,true,false,2010-07-17,,2022-04-29,
BikePoints_185,"Alderney Street, Pimlico",51.488057,-0.140741,001174,true,false,2010-07-17,,2022-04-29,
BikePoints_186,"South Wharf Road, Paddington",51.517335,-0.17581,001167,true,false,2010-07-17,,2022-04-29,
BikePoints_187,"Queen's Gate (South), South Kensington",51.492479,-0.178433,001172,true,false,2010-07-17,,2022-04-29,
BikePoints_188,"Nutford Place, Marylebone",51.516517,-0.164393,001112,true,false,2010-07-17,,2022-04-29,
BikePoints_189,"Claremont Square, Angel",51.531666,-0.109914,001104,true,false,2010-07-17,,2022-04-29,
BikePoints_190,"Rampayne Street, Pimlico",51.489975,-0.132845,001106,true,false,2010-07-17,,2022-04-29,
BikePoints_191,"Hyde Park Corner, Hyde Park",51.503117,-0.15352,001075,true,false,2010-07-17,,2022-04-29,
BikePoints_192,"Wardour Street, Soho",51.512515,-0.133201,001163,true,false,2010-07-17,,2022-04-29,
BikePoints_193,"Bankside Mix, Bankside",51.505817,-0.100186,000963,true,false,2010-07-17,,2022-04-29,
BikePoints_194,"Hop Exchange, The Borough",51.504627,-0.091773,000960,true,false,2010-07-17,,2022-04-29,
BikePoints_195,"Milroy Walk, South Bank",51.507244,-0.106237,000959,true,false,2010-07-17,,2022-04-29,
BikePoints_196,"Union Street, The Borough",51.503688,-0.098497,000961,true,false,2010-07-17,,2022-04-29,
BikePoints_197,"Stamford Street, South Bank",51.505569,-0.111606,000962,true,false,2010-07-17,,2022-04-29,
BikePoints_199,"Great Tower Street, Monument",51.510484,-0.082989,001080,true,false,2010-07-18,,2022-04-29,
BikePoints_200,"LMU Commercial Road, Whitechapel",51.514924,-0.066078,001105,true,false,2010-07-18,,2022-04-29,
BikePoints_201,"Dorset Square, Marylebone",51.522596,-0.161113,001162,true,false,2010-07-18,,2022-04-29,
BikePoints_202,"Leman Street, Aldgate",51.512363,-0.069542,001102,true,false,2010-07-18,,2022-04-29,
BikePoints_203,"West Smithfield Rotunda, Farringdon",51.518218,-0.100791,001040,true,false,2010-07-18,,2022-04-29,
BikePoints_204,"Margery Street, Clerkenwell",51.526599,-0.112432,003468,true,false,2010-07-18,,2022-04-29,
BikePoints_205,"New Road  2, Whitechapel",51.518144,-0.06275,003475,false,false,2010-07-18,,2025-05-16,
BikePoints_206,"New Road 1 , Whitechapel",51.518154,-0.062697,001171,true,false,2010-07-18,,2022-04-29,
BikePoints_207,"Grosvenor Crescent, Belgravia",51.501352,-0.153194,001169,true,false,2010-07-19,,2022-04-29,
BikePoints_208,"Mallory Street, Marylebone",51.525051,-0.166304,001175,true,false,2010-07-18,,2022-04-29,
BikePoints_209,"Denyer Street, Knightsbridge",51.493583,-0.165101,003454,true,false,2010-07-19,,2022-06-23,
BikePoints_210,"Hinde Street, Marylebone",51.516814,-0.151926,003476,true,false,2010-07-19,,2022-04-29,
BikePoints_211,"Cadogan Place, Knightsbridge",51.494645,-0.158105,003469,true,false,2010-07-19,,2022-04-29,
BikePoints_212,"Campden Hill Road, Notting Hill",51.506584,-0.199004,003487,true,false,2010-07-19,,2022-04-29,
BikePoints_213,"Wellington Arch, Hyde Park",51.50274,-0.149569,001109,true,false,2010-07-19,,2022-04-29,
BikePoints_214,"Endsleigh Gardens, Euston",51.526838,-0.130504,001079,true,false,2010-07-19,,2022-04-29,
BikePoints_215,"Moorfields, Moorgate",51.519069,-0.088285,001092,true,false,2010-07-19,,2022-04-29,
BikePoints_216,"Old Brompton Road, South Kensington",51.490945,-0.18119,003479,true,false,2010-07-19,,2022-04-29,
BikePoints_217,"Wormwood Street, Liverpool Street",51.516154,-0.082422,002587,true,false,2010-07-19,,2022-04-29,
BikePoints_218,"St. Luke's Church, Chelsea",51.489716,-0.170194,003486,true,false,2010-07-19,,2022-04-29,
BikePoints_219,"Bramham Gardens, Earl's Court",51.490163,-0.190393,001183,true,false,2010-07-19,,2022-04-29,
BikePoints_220,"Chelsea Green, Chelsea",51.490664,-0.166485,001179,true,false,2010-07-19,,2022-04-29,
BikePoints_221,"Horseferry Road, Westminster",51.494816,-0.130458,001170,true,false,2010-07-19,,2022-04-29,
BikePoints_222,"Knightsbridge, Hyde Park",51.502757,-0.155349,001101,true,false,2010-07-20,,2022-04-29,
BikePoints_223,"Rodney Road , Walworth",51.491484,-0.09022,003481,true,false,2010-07-20,,2022-04-29,
BikePoints_224,"Queensway, Kensington Gardens",51.51031,-0.187402,001150,true,false,2010-07-20,,2022-04-29,
BikePoints_225,"Notting Hill Gate Station, Notting Hill",51.509353,-0.196422,001182,true,false,2010-07-20,,2022-04-29,
BikePoints_226,"Charles II Street, West End",51.508446,-0.131961,003488,true,false,2010-07-20,,2022-04-29,
BikePoints_227,"Great Percy Street, Clerkenwell",51.528915,-0.11548,003470,true,false,2010-07-20,,2022-04-29,
BikePoints_228,"St. James's Square, St. James's",51.507424,-0.134621,001067,true,false,2010-07-20,,2022-04-29,
BikePoints_229,"Whitehall Place, Strand",51.506543,-0.123179,001151,true,false,2010-07-20,,2022-04-29,
BikePoints_230,"Poured Lines, Bankside",51.506692,-0.103137,001144,true,false,2010-07-20,,2022-04-29,
BikePoints_231,"Queen's Gate (Central), South Kensington",51.493967,-0.178732,001089,true,false,2010-07-20,,2022-04-29,
BikePoints_232,"Carey Street, Holborn",51.51501,-0.112753,001139,true,false,2010-07-20,,2022-04-29,
BikePoints_233,"Pall Mall East, West End",51.50777,-0.130699,001153,true,false,2010-07-20,,2022-04-29,
BikePoints_234,"Liverpool Road (N1 Centre), Angel",51.534504,-0.106992,001081,true,false,2010-07-20,,2022-04-29,
BikePoints_235,"Kennington Road  , Vauxhall",51.495718,-0.110889,001154,true,false,2010-07-20,,2022-04-29,2024-02-02
BikePoints_235,"Kennington Road, Vauxhall",51.495718,-0.110889,001154,true,false,2010-07-20,,2024-02-02,
BikePoints_236,"Fashion Street, Whitechapel",51.51838,-0.073438,003483,true,false,2010-07-20,,2022-04-29,
BikePoints_237,"Dock Street, Wapping",51.509786,-0.068161,003467,true,false,2010-07-22,,2022-04-29,
BikePoints_238,"Frampton Street, Paddington",51.523353,-0.175116,001099,true,false,2010-07-20,,2022-04-29,
BikePoints_239,"Warren Street Station, Euston",51.524438,-0.138019,001090,true,false,2010-07-20,,2022-04-29,
BikePoints_240,"Colombo Street, Southwark",51.505459,-0.105692,003472,true,false,2010-07-20,,2022-04-29,
BikePoints_242,"Beaumont Street, Marylebone",51.522008,-0.151359,003482,true,false,2010-07-20,,2022-04-29,
BikePoints_243,"Gloucester Street, Pimlico",51.490962,-0.139625,001103,true,false,2010-07-20,,2022-04-29,
BikePoints_244,"Earnshaw Street , Covent Garden",51.516118,-0.128585,001145,true,false,2010-07-20,,2022-04-29,2025-04-11
BikePoints_244,"Bucknall Street, Covent Garden",51.516201,-0.132726,001145,true,false,2010-07-20,,2025-04-11,2025-04-17
BikePoints_244,"Bucknall Street, Covent Garden",51.51615,-0.128417,001145,true,false,2010-07-20,,2025-04-17,
BikePoints_245,"Grosvenor Road, Pimlico",51.485357,-0.142207,001140,true,false,2010-07-20,,2022-04-29,
BikePoints_246,"Berry Street, Clerkenwell",51.522853,-0.099994,001159,true,false,2010-07-20,,2022-04-29,
BikePoints_247,"St. John's Wood Church, The Regent's Park",51.530529,-0.167515,001091,true,false,2010-07-20,,2022-04-29,
BikePoints_248,"Triangle Car Park, Hyde Park",51.506451,-0.170279,001088,true,false,2010-07-20,,2022-04-29,
BikePoints_249,"Harper Road, The Borough",51.498597,-0.096191,001137,true,false,2010-07-20,,2022-04-29,
BikePoints_250,"Royal Avenue 1, Chelsea",51.489932,-0.162727,003440,true,false,2010-07-20,,2022-04-29,
BikePoints_251,"Brushfield Street, Liverpool Street",51.518908,-0.079249,001161,true,false,2010-07-21,,2022-04-29,
BikePoints_252,"Jubilee Gardens, South Bank",51.504636,-0.116542,001111,true,false,2010-07-21,,2022-04-29,
BikePoints_253,"Shoreditch Park, Hoxton",51.534042,-0.086379,001051,true,false,2010-07-21,,2022-04-29,
BikePoints_254,"Chadwell Street, Angel",51.530515,-0.106408,003471,true,false,2010-07-21,,2022-04-29,
BikePoints_255,"Clifton Road, Maida Vale",51.525575,-0.179592,001147,true,false,2010-07-21,,2022-04-29,
BikePoints_256,"Houghton Street, Strand",51.51362,-0.116764,003484,true,false,2010-07-21,,2022-04-29,
BikePoints_257,"Westminster University, Marylebone",51.522481,-0.154907,001194,true,false,2010-07-21,,2022-04-29,
BikePoints_258,"Kensington Gore, Knightsbridge",51.501432,-0.178656,001193,true,false,2010-07-21,,2022-04-29,
BikePoints_259,"Bourne Street, Belgravia",51.490959,-0.153233,001180,true,false,2010-07-21,,2022-04-29,
BikePoints_260,"Broadwick Street, Soho",51.513684,-0.13558,003489,true,false,2010-07-21,,2022-04-29,
BikePoints_261,"Princes Square, Bayswater",51.513489,-0.191351,003491,true,false,2010-07-21,,2022-04-29,
BikePoints_262,"LSBU (Borough Road), Elephant & Castle",51.498744,-0.103132,001095,true,false,2010-07-21,,2022-04-29,
BikePoints_263,"St. Mary Axe, Aldgate",51.514225,-0.08066,001184,true,false,2010-07-21,,2022-04-29,
BikePoints_264,"Tysoe Street, Clerkenwell",51.526443,-0.109256,001146,true,false,2010-07-21,,2022-04-29,
BikePoints_265,"Southwick Street, Paddington",51.515953,-0.169249,003490,true,false,2010-07-21,,2022-04-29,
BikePoints_266,"Queen's Gate (North), Kensington",51.501026,-0.180246,001204,true,false,2010-07-21,,2022-04-29,
BikePoints_267,"Regency Street, Westminster",51.49206,-0.132224,001155,true,false,2010-07-21,,2022-04-29,
BikePoints_268,"Belgrave Road, Victoria",51.493204,-0.144132,001087,true,false,2010-07-21,,2022-04-29,
BikePoints_269,"Empire Square, The Borough",51.500823,-0.08974,001209,true,false,2010-07-21,,2022-04-29,
BikePoints_270,"Kennington Lane Rail Bridge, Vauxhall",51.486343,-0.122492,001190,true,false,2010-07-21,,2022-04-29,
BikePoints_271,"London Zoo,  The Regent's Park",51.535836,-0.156285,001136,true,false,2010-07-21,,2022-04-29,
BikePoints_272,"Baylis Road, Waterloo",51.501444,-0.110699,001133,true,false,2010-07-21,,2022-04-29,
BikePoints_273,"Belvedere Road 1, South Bank",51.506133,-0.114686,001186,true,false,2010-07-21,,2022-04-29,
BikePoints_274,"Warwick Road, Olympia",51.496712,-0.205284,001134,true,false,2010-07-21,,2022-04-29,
BikePoints_275,"Barbican Centre, Barbican",51.520044,-0.092176,001191,true,false,2010-07-21,,2022-04-29,
BikePoints_276,"Lower Thames Street, Monument",51.509301,-0.084985,001098,true,false,2010-07-21,,2022-04-29,
BikePoints_277,"Kensington Church Street, Kensington",51.503157,-0.191496,001143,true,false,2010-07-21,,2022-04-29,
BikePoints_278,"Tooley Street, Bermondsey",51.503493,-0.07962,001142,true,false,2010-07-21,,2022-04-29,
BikePoints_279,"North Wharf Road, Paddington",51.518622,-0.176645,001108,true,false,2010-07-21,,2022-04-29,2024-03-23
BikePoints_279,"North Wharf Road, Paddington",51.518623,-0.176603,001108,true,false,2010-07-21,,2024-03-23,
BikePoints_280,"Royal Avenue 2, Chelsea",51.490083,-0.162418,003462,true,false,2010-07-21,,2022-04-29,
BikePoints_281,"Smith Square, Westminster",51.495805,-0.127575,003480,true,false,2010-07-21,,2022-04-29,
BikePoints_282,"Royal London Hospital, Whitechapel",51.518675,-0.06111,001077,true,false,2010-07-21,,2022-04-29,
BikePoints_283,"Kingsway, Covent Garden",51.514409,-0.118478,001141,true,false,2010-07-21,,2022-04-29,
BikePoints_284,"Lambeth North Station, Waterloo",51.49914,-0.112031,001117,true,false,2010-07-21,,2022-04-29,
BikePoints_286,"St. John's Wood Road, St. John's Wood",51.527294,-0.174653,001187,true,false,2010-07-21,,2022-04-29,
BikePoints_287,"Bedford Way, Bloomsbury",51.523673,-0.128377,001156,true,false,2010-07-21,,2022-04-29,
BikePoints_288,"Elizabeth Bridge, Victoria",51.492369,-0.147478,001138,true,false,2010-07-22,,2022-04-29,
BikePoints_289,"South Audley Street, Mayfair",51.50923,-0.151296,003493,true,false,2010-07-22,,2022-04-29,2023-04-22
BikePoints_289,"South Audley Street, Mayfair",51.50923,-0.151289,003493,true,false,2010-07-22,,2023-04-22,
BikePoints_290,"St Mary's Hospital, Paddington",51.518268,-0.171103,003496,true,false,2010-07-22,,2022-04-29,
BikePoints_291,"Claverton Street, Pimlico",51.484839,-0.138089,001135,true,false,2010-07-22,,2022-04-29,
BikePoints_292,"Montpelier Street, Knightsbridge",51.498884,-0.165471,001206,true,false,2010-07-22,,2022-04-29,
BikePoints_293,"Kensington Olympia Station, Olympia",51.498157,-0.209494,001214,true,false,2010-07-22,,2022-04-29,
BikePoints_294,"St. George's Square, Pimlico",51.488226,-0.135635,001195,true,false,2010-07-22,,2022-04-29,
BikePoints_295,"Swan Street, The Borough",51.500296,-0.092762,001216,true,false,2010-07-22,,2022-04-29,
BikePoints_296,"Knaresborough Place, Earl's Court",51.493631,-0.190603,200069,true,false,2013-08-23,,2022-04-29,
BikePoints_297,"Geraldine Street, Elephant & Castle",51.496127,-0.106,003498,true,false,2010-07-22,,2022-04-29,
BikePoints_298,"Curlew Street, Shad Thames",51.502279,-0.074189,001213,true,false,2010-07-22,,2022-04-29,
BikePoints_299,"Vincent Square, Westminster",51.493985,-0.136928,001196,true,false,2010-07-22,,2022-04-29,
BikePoints_300,"Serpentine Car Park, Hyde Park",51.505014,-0.17306,001217,true,false,2010-07-22,,2022-04-29,
BikePoints_301,"Marylebone Lane, Marylebone",51.514759,-0.148105,001152,true,false,2010-07-22,,2022-04-29,
BikePoints_302,"Putney Pier, Wandsworth",51.466907,-0.216573,003492,true,false,2010-07-22,,2022-04-29,
BikePoints_303,"Albert Gate, Hyde Park",51.502953,-0.158456,001132,true,false,2010-07-22,,2022-04-29,
BikePoints_306,"Rathbone Street, Fitzrovia",51.518162,-0.135025,003497,true,false,2010-07-22,,2022-04-29,
BikePoints_307,"Black Lion Gate, Kensington Gardens",51.509908,-0.187842,001157,true,false,2010-07-22,,2022-04-29,
BikePoints_308,"Long Lane , Bermondsey",51.499075,-0.085666,001189,true,false,2010-07-22,,2022-04-29,
BikePoints_309,"Embankment (Savoy), Strand",51.509631,-0.119047,001192,true,false,2010-07-23,,2022-04-29,
BikePoints_310,"Black Prince Road, Vauxhall",51.490867,-0.116911,001205,true,false,2010-07-23,,2022-04-29,
BikePoints_311,"Foley Street, Fitzrovia",51.519181,-0.140485,003494,true,false,2010-07-23,,2022-04-29,
BikePoints_312,"Grove End Road, St. John's Wood",51.530889,-0.17677,001130,true,false,2010-07-23,,2022-04-29,
BikePoints_313,"Wells Street, Fitzrovia",51.517344,-0.138072,003495,true,false,2010-07-23,,2022-04-29,
BikePoints_314,"Tyers Gate, Bermondsey",51.500889,-0.083159,003485,true,false,2010-07-23,,2022-04-29,
BikePoints_315,"The Tennis Courts, The Regent's Park",51.525367,-0.153463,001199,true,false,2010-07-23,,2022-04-29,
BikePoints_316,"Warwick Row, Westminster",51.497998,-0.14296,000968,true,false,2010-07-23,2018-10-18,2022-04-29,
BikePoints_317,"Dickens Square, Borough",51.496791,-0.093913,001208,true,false,2010-07-23,,2022-04-29,
BikePoints_318,"Sackville Street, Mayfair",51.510048,-0.138846,001197,true,false,2010-07-23,,2022-04-29,2023-11-16
BikePoints_318,"Sackville Street, Mayfair",51.510048,-0.138846,001197,false,false,2010-07-23,,2023-11-16,2023-12-02
BikePoints_318,"Sackville Street, Mayfair",51.510048,-0.138846,001197,true,false,2010-07-23,,2023-12-02,
BikePoints_319,"Baldwin Street, St. Luke's",51.527025,-0.088542,003500,true,false,2010-07-23,,2022-04-29,
BikePoints_320,"Queen Mother Sports Centre, Victoria",51.493573,-0.139956,001148,true,false,2010-07-23,,2022-04-29,
BikePoints_321,"Bermondsey Street, Bermondsey",51.497855,-0.081608,002637,true,false,2010-07-23,,2022-04-29,
BikePoints_322,"Palissy Street, Shoreditch",51.526293,-0.073955,003502,true,false,2010-07-23,,2022-04-29,
BikePoints_323,"Clifton Street, Shoreditch",51.523196,-0.083067,003501,true,false,2010-07-23,,2022-04-29,2025-07-15
BikePoints_323,"Clifton Street, Shoreditch",51.523196,-0.083067,003501,true,true,2010-07-23,,2025-07-15,2026-05-24
BikePoints_323,"Clifton Street, Shoreditch",51.523196,-0.083067,003501,true,false,2010-07-23,,2026-05-24,2026-05-25
BikePoints_323,"Clifton Street, Shoreditch",51.523196,-0.083067,003501,true,true,2010-07-23,,2026-05-25,
BikePoints_324,"Ontario Street, Elephant & Castle",51.49652,-0.101384,001200,true,false,2010-07-23,,2022-04-29,
BikePoints_325,"St. Martin's Street, West End",51.509087,-0.129697,001158,true,false,2010-07-23,,2022-04-29,
BikePoints_326,"Graham Street, Angel",51.532661,-0.099981,001131,true,false,2010-07-23,,2022-04-29,
BikePoints_327,"New North Road 1, Hoxton",51.53095,-0.085603,001128,true,false,2010-07-26,,2022-04-29,2024-02-23
BikePoints_327,"New North Road 1, Hoxton",51.522168,-0.192814,001128,true,false,2010-07-26,,2024-02-23,2024-02-24
BikePoints_327,"Westbourne Green, Westbourne",51.522168,-0.192814,001128,true,false,2010-07-26,2022-12-15,2024-02-24,
BikePoints_328,"New North Road 2, Hoxton",51.53114,-0.086016,002641,true,false,2010-07-26,,2022-04-29,
BikePoints_329,"Prince Albert Road, The Regent's Park",51.535892,-0.160854,002636,true,false,2010-07-26,,2022-04-29,
BikePoints_330,"Eastbourne Mews, Paddington",51.516417,-0.179135,001203,true,false,2010-07-26,,2022-04-29,
BikePoints_331,"Bunhill Row, Moorgate",51.520858,-0.089887,001211,true,false,2010-07-26,,2022-04-29,
BikePoints_332,"Nevern Place, Earl's Court",51.493343,-0.194757,001210,true,false,2010-07-26,,2022-04-29,
BikePoints_333,"Palace Gardens Terrace, Notting Hill",51.508605,-0.193764,002633,true,false,2010-07-26,,2022-04-29,
BikePoints_334,"Concert Hall Approach 1, South Bank",51.505044,-0.115851,002635,true,false,2010-07-26,,2022-04-29,2025-12-24
BikePoints_334,"Agar Grove, Camden Town",51.542891,-0.132253,002635,true,false,2010-07-26,,2025-12-24,
BikePoints_335,"Tavistock Street, Covent Garden",51.511968,-0.120718,001207,true,false,2010-07-26,,2022-04-29,
BikePoints_336,"Concert Hall Approach 2, South Bank",51.504942,-0.115533,001212,true,false,2010-07-26,,2022-04-29,2025-08-15
BikePoints_336,"Concert Hall Approach 2, South Bank",51.504841,-0.115153,001212,true,false,2010-07-26,,2025-08-15,2025-08-19
BikePoints_336,"Concert Hall Approach, South Bank",51.504841,-0.115153,001212,true,false,2010-07-26,,2025-08-19,2026-01-01
BikePoints_336,"Concert Hall Approach 2, South Bank",51.504841,-0.115153,001212,true,false,2010-07-26,,2026-01-01,2026-01-02
BikePoints_336,"Concert Hall Approach, South Bank",51.504841,-0.115153,001212,true,false,2010-07-26,,2026-01-02,
BikePoints_337,"Pembridge Villas, Notting Hill",51.511084,-0.197524,002589,true,false,2010-07-26,,2022-04-29,
BikePoints_338,"Wellington Street , Strand",51.511756,-0.119643,001202,true,false,2010-07-26,,2022-04-29,
BikePoints_339,"Risinghill Street, Angel",51.533319,-0.111781,001127,true,false,2010-07-26,,2022-04-29,2025-05-03
BikePoints_339,"Risinghill Street, Angel_OLD",51.533319,-0.111781,0011274444,false,false,2010-07-26,,2025-05-03,
BikePoints_340,"Bank of England Museum, Bank",51.514441,-0.087587,001201,true,false,2010-07-27,,2022-04-29,
BikePoints_341,"Craven Street, Strand",51.508103,-0.126021,001160,true,false,2010-07-27,,2022-04-29,
BikePoints_343,"London Zoo Car Park, The Regent's Park",51.536922,-0.150181,001188,true,false,2010-07-27,,2022-04-29,
BikePoints_344,"Goswell Road (City Uni), Finsbury",51.528246,-0.101026,001222,true,false,2010-07-27,,2022-04-29,
BikePoints_345,"Flood Street, Chelsea",51.488023,-0.166878,001218,true,false,2010-07-27,,2022-04-29,
BikePoints_347,"Lower Marsh, Waterloo",51.500139,-0.113936,001219,true,false,2010-09-06,,2022-04-29,
BikePoints_348,"Grosvenor Square, Mayfair",51.51217,-0.150481,010627,true,false,2010-09-15,,2022-04-29,
BikePoints_349,"St. George Street, Mayfair",51.51196,-0.142783,001221,true,false,2010-09-15,,2022-04-29,
BikePoints_350,"Queen's Gate, Kensington Gardens",51.501715,-0.179854,001231,true,false,2010-09-29,,2022-04-29,
BikePoints_351,"Macclesfield Rd, St Lukes",51.529423,-0.097122,001226,true,false,2010-10-11,,2022-04-29,
BikePoints_352,"Vauxhall Street, Vauxhall",51.486965,-0.116625,001224,true,false,2010-10-11,,2022-04-29,
BikePoints_353,"Greycoat Street , Westminster",51.494591,-0.134234,010623,true,false,2010-10-21,,2022-04-29,
BikePoints_354,"Northumberland Avenue, Strand",51.506767,-0.123702,001097,true,false,,,2022-04-29,
BikePoints_355,"Clapham Common Station, Clapham Common",51.461388,-0.139221,002694,true,false,2010-10-22,,2022-04-29,
BikePoints_356,"South Kensington Station, South Kensington",51.494412,-0.173881,002685,true,false,2010-10-25,,2022-04-29,
BikePoints_357,"Howland Street, Fitzrovia",51.520994,-0.139016,002691,true,false,2010-10-26,,2022-04-29,
BikePoints_358,"High Holborn , Covent Garden",51.516226,-0.124826,001229,true,false,2010-11-18,,2022-04-29,2025-08-14
BikePoints_358,"High Holborn , Covent Garden",51.516398,-0.124257,001229,true,false,2010-11-18,,2025-08-14,
BikePoints_359,"Butler Place, Westminster",51.497829,-0.13544,002662,true,false,2010-11-05,,2022-04-29,
BikePoints_360,"Howick Place, Westminster",51.496753,-0.138733,002666,true,false,2010-11-05,,2022-04-29,
BikePoints_361,"Waterloo Station 2, Waterloo",51.503919,-0.113426,002692,true,false,2010-12-09,,2022-04-29,
BikePoints_362,"Royal College Street, Camden Town",51.536264,-0.133952,002686,true,false,2010-11-18,,2022-04-29,
BikePoints_363,"Lord's, St. John's Wood",51.529121,-0.171185,002665,true,false,2010-11-16,,2022-04-29,
BikePoints_364,"Store Street, Bloomsbury",51.519572,-0.13214,003507,true,false,2010-11-18,,2022-04-29,
BikePoints_365,"City Road, Angel",51.530344,-0.100168,002690,true,false,2010-11-24,,2022-04-29,
BikePoints_366,"Millennium Hotel, Mayfair",51.510919,-0.151126,001230,true,false,2010-11-25,,2022-04-29,
BikePoints_367,"Harrowby Street, Marylebone",51.517372,-0.164207,002680,true,false,,,2022-04-29,
BikePoints_368,"Harriet Street, Knightsbridge",51.500241,-0.15934,002681,true,false,2010-12-01,,2022-04-29,2026-06-23
BikePoints_368,"Harriet Street, Knightsbridge",51.50058,-0.158837,002681,true,false,2010-12-01,,2026-06-23,2026-06-24
BikePoints_368,"Lowndes Square, Knightsbridge",51.50058,-0.158837,002681,false,false,2010-12-01,,2026-06-24,2026-06-25
BikePoints_368,"Lowndes Square, Knightsbridge",51.50058,-0.158837,002681,true,false,2010-12-01,,2026-06-25,
BikePoints_370,"Paddington Green, Paddington",51.520205,-0.174593,002670,true,false,2010-12-06,,2022-04-29,
BikePoints_371,"King Edward Walk, Waterloo",51.49775,-0.10988,002639,true,false,2010-12-07,,2022-04-29,2026-06-25
BikePoints_371,"Brockwell Lido, Brixton",51.453037,-0.10647,002639,true,false,2010-12-07,,2026-06-25,2026-06-26
BikePoints_371,"King Edward Walk, Waterloo",51.453037,-0.10647,002639,true,false,2010-12-07,,2026-06-26,2026-06-27
BikePoints_371,"Brockwell Lido, Brixton",51.453118,-0.104955,002639,true,false,2010-12-07,,2026-06-27,
BikePoints_372,"Sardinia Street, Holborn",51.515208,-0.117863,002649,true,false,2010-12-07,,2022-04-29,
BikePoints_373,"Prince Consort Road, Knightsbridge",51.499806,-0.176415,003499,true,false,2011-01-19,,2022-05-17,
BikePoints_374,"Waterloo Station 1, Waterloo",51.504027,-0.113864,002696,true,false,2010-12-07,,2022-04-29,
BikePoints_375,"Kensington Town Hall, Kensington",51.501945,-0.194392,010632,true,false,2010-12-08,,2022-04-29,
BikePoints_376,"Millbank Tower, Pimlico",51.491884,-0.125674,002683,true,false,2011-01-10,,2022-04-29,
BikePoints_377,"Waterloo Bridge, South Bank",51.505354,-0.113656,002648,true,false,2011-01-17,,2022-04-29,
BikePoints_378,"Natural History Museum, South Kensington",51.495592,-0.179077,002677,true,false,2011-01-27,,2022-04-29,
BikePoints_379,"Turquoise Island, Notting Hill",51.514311,-0.200838,002682,true,false,2011-01-27,,2022-04-29,
BikePoints_380,"Stanhope Gate, Mayfair",51.506864,-0.150666,003506,true,false,2011-01-27,,2022-04-29,
BikePoints_381,"Charlotte Street, Fitzrovia",51.51953,-0.135777,002669,true,false,2011-01-28,,2022-04-29,
BikePoints_382,"Farm Street, Mayfair",51.509351,-0.147449,002678,true,false,2011-02-08,,2022-04-29,
BikePoints_383,"Frith Street, Soho",51.513103,-0.131213,002660,true,false,2011-02-02,,2022-04-29,
BikePoints_384,"Marloes Road, Kensington",51.496481,-0.192404,003505,true,false,2011-02-03,,2022-04-29,
BikePoints_386,"Moor Street, Soho",51.513527,-0.13011,003504,true,false,2011-02-03,,2022-04-29,
BikePoints_387,"Fire Brigade Pier, Vauxhall",51.493699,-0.121394,002703,true,false,2011-02-07,,2022-04-29,
BikePoints_388,"Southampton Street, Strand",51.510701,-0.121723,001228,true,false,2011-02-08,,2022-04-29,
BikePoints_389,"Upper Grosvenor Street, Mayfair",51.51013,-0.155757,010621,true,false,2011-02-10,,2022-04-29,
BikePoints_390,"Buxton Street 1, Shoreditch",51.521776,-0.068856,001223,true,false,2011-02-15,,2022-04-29,
BikePoints_391,"Clifford Street, Mayfair",51.510662,-0.142345,002688,true,false,2011-02-17,2018-10-18,2022-04-29,
BikePoints_392,"Imperial College, Knightsbridge",51.499428,-0.179702,001220,true,false,2011-02-17,,2022-04-29,
BikePoints_393,"Snow Hill, Farringdon",51.517334,-0.103604,002699,true,false,2011-02-24,,2022-04-29,
BikePoints_394,"Aberdeen Place, St. John's Wood",51.524826,-0.176268,002698,true,false,,,2022-04-29,
BikePoints_395,"Cadogan Gardens, Chelsea",51.492462,-0.159919,002695,true,false,2011-02-28,,2022-04-29,
BikePoints_396,"Shouldham Street, Marylebone",51.51809,-0.163609,002693,true,false,2011-03-02,,2022-04-29,
BikePoints_397,"Devonshire Terrace, Bayswater",51.51348,-0.17977,001227,true,false,2011-03-02,,2022-04-29,
BikePoints_398,"Holland Park, Kensington",51.502319,-0.200742,010631,true,false,2011-03-02,,2022-04-29,
BikePoints_399,"Brick Lane Market, Shoreditch",51.522617,-0.071653,002687,true,false,2011-03-08,,2022-04-29,
BikePoints_400,"George Street, Marylebone",51.517703,-0.154106,001225,true,false,2011-03-08,,2022-04-29,
BikePoints_401,"Columbia Road, Shoreditch",51.528187,-0.075375,002701,true,false,2011-03-08,,2022-04-29,
BikePoints_402,"Penfold Street, Marylebone",51.522892,-0.171681,010625,true,false,2011-03-08,,2022-04-29,
BikePoints_403,"George Place Mews, Marylebone",51.516892,-0.158249,010630,true,false,2011-03-08,,2022-04-29,
BikePoints_404,"Palace Gate, Kensington Gardens",51.502042,-0.1844,001110,true,false,2011-03-09,,2022-04-29,
BikePoints_405,"Gloucester Road Station, South Kensington",51.494185,-0.18267,001107,true,false,2011-03-09,,2022-04-29,
BikePoints_408,"Sun Street, Liverpool Street",51.520009,-0.083935,001129,true,false,,,2022-04-29,
BikePoints_409,"Strata, Elephant & Castle",51.493146,-0.099828,010624,true,false,,,2022-04-29,
BikePoints_410,"Edgware Road Station, Marylebone",51.519968,-0.169774,001058,true,false,,,2022-04-29,2026-04-10
BikePoints_410,"Edgware Road Station, Marylebone",51.510212,0.004979,001058,true,false,,,2026-04-10,2026-04-11
BikePoints_410,"Orchard Place, Blackwall Tunnel",51.510212,0.004979,001058,true,false,,,2026-04-11,
BikePoints_411,"Rotherhithe Roundabout, Rotherhithe",51.499169,-0.055846,010629,true,false,,,2022-04-29,
BikePoints_412,"Cleaver Street, Kennington",51.488105,-0.110121,010628,true,false,2011-04-05,,2022-04-29,
BikePoints_419,"Chelsea Bridge, Pimlico",51.485821,-0.149004,022160,true,false,2011-06-22,,2022-04-29,
BikePoints_420,"Southwark Station 1, Southwark",51.504043,-0.105312,022162,true,false,2011-06-28,,2022-04-29,
BikePoints_421,"Southwark Station 2, Southwark",51.504044,-0.104778,022163,true,false,2011-06-28,,2022-04-29,
BikePoints_423,"Eaton Square (South), Belgravia",51.494561,-0.153933,022164,true,false,2011-07-05,,2022-04-29,2023-10-20
BikePoints_423,"Eaton Square (South), Belgravia",51.494561,-0.153933,022164,true,true,2011-07-05,,2023-10-20,
BikePoints_424,"Ebury Bridge, Pimlico",51.490491,-0.149186,022159,true,false,2011-12-22,,2022-04-29,
BikePoints_425,"Camley Street, Camden Town",51.537471,-0.130294,022181,true,false,2011-07-07,,2024-06-12,2024-06-13
BikePoints_425,"Camley Street, Camden Town",51.53792,-0.130529,022181,true,false,2011-07-07,,2024-06-13,
BikePoints_426,"Vincent Street, Pimlico",51.493072,-0.129925,022161,true,false,2011-07-12,,2022-04-29,
BikePoints_427,"Cheapside, Bank",51.51397,-0.09294,022180,true,false,2011-07-15,,2022-04-29,
BikePoints_428,"Exhibition Road, Knightsbridge",51.499917,-0.174554,022179,true,false,2011-10-13,,2022-04-29,
BikePoints_430,"South Parade, Chelsea",51.48902,-0.17524,022182,true,false,2011-12-22,,2022-04-29,
BikePoints_431,"Crinan Street, King's Cross",51.534474,-0.122203,022183,true,false,2011-12-08,,2022-04-29,
BikePoints_432,"Exhibition Road Museums 1, South Kensington",51.496468,-0.173796,022158,true,false,2011-10-24,,2022-04-29,
BikePoints_433,"Wren Street, Holborn",51.524564,-0.116279,022169,true,false,2011-12-08,,2022-04-29,
BikePoints_435,"Kennington Station, Kennington",51.488852,-0.105593,022170,true,false,2011-12-08,,2022-04-29,
BikePoints_436,"Red Lion Street, Holborn",51.51824,-0.11655,022171,true,false,2011-12-08,,2022-04-29,
BikePoints_437,"Vauxhall Walk, Vauxhall",51.488124,-0.120903,200056,true,false,2012-01-05,,2022-04-29,
BikePoints_439,"Killick Street, King's Cross",51.5338,-0.118677,200053,true,false,2012-01-04,,2022-04-29,
BikePoints_440,"Kennington Oval, Oval",51.483145,-0.113134,200032,true,false,2012-01-04,,2022-04-29,2024-05-21
BikePoints_440,"Kennington Oval, Oval_OLD",51.483145,-0.113134,200032444,true,false,2012-01-04,,2024-05-21,2024-06-03
BikePoints_440,"Kennington Oval, Oval",51.483145,-0.113134,200032,true,false,2012-01-04,,2024-06-03,
BikePoints_441,"Sail Street, Vauxhall",51.495656,-0.114605,200039,true,false,2012-01-04,,2022-04-29,
BikePoints_442,"Walmer Road, Avondale",51.510101,-0.211358,200035,true,false,2012-01-07,,2022-04-29,
BikePoints_443,"Philpot Street, Whitechapel",51.515256,-0.058641,200033,true,false,2012-01-07,,2022-04-29,
BikePoints_444,"Bethnal Green Garden, Bethnal Green",51.52568,-0.055312,200047,true,false,2012-01-07,,2022-04-29,
BikePoints_445,"Cheshire Street, Bethnal Green",51.52388,-0.065076,200003,true,false,2012-01-07,,2022-04-29,
BikePoints_446,"York Hall, Bethnal Green",51.528936,-0.055894,200042,true,false,2012-01-07,,2022-04-29,
BikePoints_447,"Jubilee Crescent, Cubitt Town",51.493381,-0.007542,200054,true,false,2012-01-07,,2022-04-29,
BikePoints_448,"Fisherman's Walk West, Canary Wharf",51.50623,-0.02296,022165,true,false,2012-01-07,,2022-04-29,
BikePoints_449,"Shadwell Station, Shadwell",51.511088,-0.057159,200020,true,false,2012-01-07,,2022-04-29,
BikePoints_450,"Jubilee Street, Stepney",51.515975,-0.053177,200002,true,false,2012-01-09,,2022-04-29,
BikePoints_451,"Hermitage Court, Wapping",51.504719,-0.063531,200021,true,false,2012-01-02,,2022-04-29,
BikePoints_452,"St. Katharine's Way, Tower",51.505697,-0.070542,200049,true,false,2012-01-09,,2022-04-29,
BikePoints_453,"Garnet Street, Shadwell",51.508447,-0.055167,200045,true,false,2012-01-09,,2022-04-29,
BikePoints_454,"Napier Avenue, Millwall",51.487679,-0.021582,200046,true,false,2012-01-09,,2022-04-29,
BikePoints_455,"East Ferry Road, Cubitt Town",51.49447,-0.014409,200031,true,false,2012-01-09,,2022-04-29,
BikePoints_456,"Parkway, Camden Town",51.538071,-0.144664,200118,true,false,2012-01-10,,2022-04-29,2024-11-21
BikePoints_456,"Albert Street, Camden Town",51.537706,-0.144801,200118,true,false,2012-01-10,,2024-11-21,
BikePoints_457,"Castlehaven Road, Camden Town",51.542138,-0.145393,200016,true,false,2012-01-10,,2022-04-29,
BikePoints_458,"Wapping Lane, Wapping",51.504749,-0.057544,200034,true,false,2012-01-11,,2022-04-29,
BikePoints_459,"Gunmakers Lane, Old Ford",51.535179,-0.03338,200014,true,false,,,2022-04-29,
BikePoints_460,"Burdett Road, Mile End",51.516196,-0.029138,200123,true,false,2012-01-11,,2022-04-29,
BikePoints_461,"Aston Street, Stepney",51.516,-0.038775,200013,true,true,2012-01-11,,2022-04-29,
BikePoints_462,"Bonny Street, Camden Town",51.541603,-0.138853,200105,true,false,2012-01-11,,2022-04-29,
BikePoints_463,"Thurtle Road, Haggerston",51.534776,-0.071881,200093,true,false,,,2022-04-29,
BikePoints_464,"St. Mary & St. Michael Church, Stepney",51.51417,-0.052099,200082,true,false,2012-01-11,,2022-04-29,
BikePoints_465,"Pitfield Street North,Hoxton",51.53558,-0.08249,200152,true,false,2012-04-05,,2022-04-29,
BikePoints_466,"Whiston Road, Haggerston",51.534464,-0.076341,200158,true,false,2012-01-12,,2022-04-29,
BikePoints_467,"Southern Grove, Bow",51.523538,-0.030556,200168,true,false,2012-01-12,,2022-04-29,
BikePoints_468,"Cantrell Road, Bow",51.521564,-0.022694,200150,true,false,2012-01-12,,2022-04-29,
BikePoints_469,"Lindfield Street, Poplar",51.513757,-0.020467,022178,true,false,2012-01-12,,2022-04-29,
BikePoints_470,"Mostyn Grove, Bow",51.530535,-0.025492,200174,true,false,2012-01-17,,2022-04-29,
BikePoints_471,"Hewison Street, Old Ford",51.533283,-0.028155,200006,true,false,2012-01-17,,2022-04-29,
BikePoints_472,"Malmesbury Road, Bow",51.529452,-0.027616,200019,true,false,2012-01-17,,2022-04-29,
BikePoints_473,"Millharbour, Millwall",51.496137,-0.019355,022167,true,false,2012-01-17,,2022-04-29,
BikePoints_474,"Gascoyne Road, Victoria Park",51.541515,-0.038557,200155,true,false,2012-01-17,,2022-04-29,
BikePoints_475,"Lightermans Road, Millwall",51.499041,-0.020157,200004,true,false,2012-01-17,,2022-04-29,
BikePoints_476,"Stebondale Street, Cubitt Town",51.489096,-0.009205,200009,true,false,2012-01-19,,2022-04-29,
BikePoints_477,"Spindrift Avenue, Millwall",51.49109,-0.018716,200018,true,false,2012-01-19,,2022-04-29,
BikePoints_478,"Stepney Green Station, Stepney",51.521889,-0.04667,200012,true,false,2012-01-19,,2022-04-29,
BikePoints_479,"Pott Street, Bethnal Green",51.527152,-0.058005,200156,true,false,2012-01-19,,2022-04-29,
BikePoints_480,"Flamborough Street, Limehouse",51.512871,-0.038986,200115,true,false,2012-01-19,,2022-04-29,
BikePoints_481,"Saunders Ness Road, Cubitt Town",51.487129,-0.009001,200022,true,false,2012-01-19,,2022-04-29,
BikePoints_482,"Exhibition Road Museums 2, South Kensington",51.495947,-0.173689,200052,true,false,2012-01-19,,2022-04-29,
BikePoints_483,"Albert Gardens, Stepney",51.51328,-0.047784,022166,true,false,2012-01-20,,2022-04-29,
BikePoints_484,"Bromley High Street, Bow",51.528828,-0.013258,022172,true,false,2012-01-23,,2022-04-29,
BikePoints_485,"Old Ford Road, Bethnal Green",51.531127,-0.048017,022173,true,false,2012-01-22,,2022-04-29,
BikePoints_486,"Granby Street, Shoreditch",51.525645,-0.069543,022174,true,false,2012-01-23,,2022-04-29,
BikePoints_487,"Canton Street, Poplar",51.511811,-0.025626,022175,true,false,2012-01-30,,2022-04-29,
BikePoints_488,"Reardon Street, Wapping",51.506946,-0.058681,022176,true,false,2012-01-22,,2022-04-29,
BikePoints_489,"Christian Street, Whitechapel",51.513074,-0.064094,022177,true,false,2012-01-20,,2022-04-29,
BikePoints_490,"Pennington Street, Wapping",51.508622,-0.065006,200090,true,false,,,2022-04-29,
BikePoints_491,"Queen Mary's, Mile End",51.522507,-0.041378,200249,true,false,2012-01-22,,2022-04-29,
BikePoints_492,"Maplin Street, Mile End",51.525501,-0.032267,200230,true,false,2012-01-22,,2022-04-29,
BikePoints_494,"South Quay East, Canary Wharf",51.50196,-0.016251,200233,true,false,2012-01-24,,2022-04-29,
BikePoints_495,"Bow Church Station, Bow",51.528169,-0.018703,200252,true,false,2012-01-23,,2022-04-29,
BikePoints_496,"Devons Road, Bow",51.52512,-0.015578,200255,true,false,2012-01-24,,2022-04-29,
BikePoints_497,"Merchant Street, Bow",51.526578,-0.027581,200242,true,false,2012-01-24,,2022-04-29,
BikePoints_498,"Bow Road Station, Bow",51.527058,-0.025296,200251,true,false,2012-01-24,,2022-04-29,
BikePoints_499,"Furze Green, Bow",51.519265,-0.021345,200011,true,false,2012-01-24,,2022-04-29,
BikePoints_500,"Ansell House, Stepney",51.520019,-0.05438,200148,true,false,2012-01-24,,2022-04-29,
BikePoints_501,"Cephas Street, Bethnal Green",51.522561,-0.054883,200073,true,false,2012-01-24,,2022-04-29,
BikePoints_502,"Bonner Gate, Victoria Park",51.53341,-0.049591,200241,true,false,2019-07-24,,2022-04-29,
BikePoints_503,"Cleveland Way, Stepney",51.520893,-0.051394,200250,true,false,2012-01-25,,2022-04-29,
BikePoints_504,"St. John's Park, Cubitt Town",51.496454,-0.009506,200243,true,false,2012-01-30,,2022-04-29,
BikePoints_505,"Ackroyd Drive, Bow",51.520398,-0.026768,200038,true,false,2012-01-30,,2022-04-29,
BikePoints_506,"Bell Lane, Liverpool Street",51.517475,-0.075855,200036,true,false,2012-01-30,,2022-04-29,
BikePoints_507,"Clarkson Street, Bethnal Green",51.528692,-0.059091,200131,true,false,2012-01-30,,2022-04-29,
BikePoints_508,"Fournier Street, Whitechapel",51.519362,-0.074431,200157,true,false,2012-01-30,,2022-04-29,
BikePoints_509,"Fore Street, Guildhall",51.517842,-0.090075,200253,true,false,2012-01-30,,2022-04-29,2023-07-18
BikePoints_509,"Fore Street Avenue, Guildhall",51.517842,-0.090075,200253,true,false,2012-01-30,,2023-07-18,
BikePoints_510,"Westferry DLR, Limehouse",51.509303,-0.025996,200238,true,false,,,2022-04-29,
BikePoints_511,"Sutton Street, Shadwell",51.511066,-0.053558,200256,true,false,2012-01-30,,2022-04-29,
BikePoints_512,"Pritchard's Road, Bethnal Green",51.532091,-0.06142,200083,true,false,2012-02-01,,2022-04-29,
BikePoints_513,"Watney Market, Stepney",51.514222,-0.055656,200162,true,false,,,2022-04-29,
BikePoints_514,"Portman Square, Marylebone",51.516204,-0.155525,200008,true,false,2012-02-02,,2022-04-29,
BikePoints_515,"Russell Gardens, Olympia",51.500088,-0.211316,200080,true,false,,,2022-04-29,
BikePoints_516,"Chrisp Street Market, Poplar",51.5112,-0.014438,200089,true,false,2012-02-02,,2022-04-29,
BikePoints_517,"Ford Road, Old Ford",51.532513,-0.033085,200027,true,false,2012-01-17,,2022-04-29,
BikePoints_518,"Antill Road, Mile End",51.528224,-0.037471,200041,true,false,,,2022-04-29,
BikePoints_519,"Teviot Street, Poplar",51.518811,-0.011662,200254,true,false,,,2022-04-29,
BikePoints_520,"Bancroft Road, Bethnal Green",51.526041,-0.047218,200234,true,false,,,2022-04-29,
BikePoints_521,"Driffield Road, Old Ford",51.534137,-0.037366,200030,true,false,,,2022-04-29,
BikePoints_522,"Clinton Road, Mile End",51.525941,-0.036017,200161,true,false,,,2022-04-29,
BikePoints_523,"Langdon Park, Poplar",51.51549,-0.013475,200160,true,false,,,2022-04-29,
BikePoints_524,"Lancaster Gate , Bayswater",51.511654,-0.179668,200017,true,false,2012-02-06,,2022-04-29,
BikePoints_525,"Blythe Road, Olympia",51.496927,-0.2135,200153,true,false,2022-01-27,,2022-04-29,
BikePoints_526,"Lancaster Drive, Blackwall",51.503143,-0.008428,200143,true,false,,,2022-04-29,
BikePoints_527,"Hansard Mews, Holland Park",51.503802,-0.215808,200154,true,false,2012-02-09,,2022-04-29,
BikePoints_528,"Clarges Street, Mayfair",51.507326,-0.145827,200088,true,false,2012-02-09,,2022-04-29,
BikePoints_529,"Manresa Road, Chelsea",51.486892,-0.170983,200010,true,false,,,2022-04-29,
BikePoints_530,"Newby Place, Poplar",51.508896,-0.012413,200146,true,false,,,2022-04-29,
BikePoints_531,"Twig Folly Bridge, Mile End",51.530326,-0.042744,200167,true,false,2012-02-09,,2022-04-29,
BikePoints_532,"Jubilee Plaza, Canary Wharf",51.50357,-0.020068,200163,true,false,2012-02-10,,2022-04-29,2023-04-30
BikePoints_532,"Jubilee Plaza, Canary Wharf",51.5034,-0.020242,200163,true,false,2012-02-10,,2023-04-30,
BikePoints_533,"Wellington Row, Bethnal Green",51.528222,-0.069743,200165,true,false,,,2022-04-29,
BikePoints_534,"Goldsmith's Row, Haggerston",51.531864,-0.066035,200159,true,false,,,2022-04-29,
BikePoints_535,"Gloucester Avenue, Camden Town",51.537349,-0.147154,200145,true,false,,,2022-04-29,
BikePoints_536,"Queensbridge Road, Haggerston",51.53385,-0.06992,200024,true,false,,,2022-04-29,
BikePoints_537,"Old Montague Street, Whitechapel",51.51793,-0.067937,200239,true,false,2012-02-27,,2022-04-29,
BikePoints_538,"Naval Row, Blackwall",51.508981,-0.00699,200050,true,false,,,2022-04-29,
BikePoints_539,"Hoxton Station, Hoxton",51.531091,-0.075901,200151,true,false,,,2022-04-29,
BikePoints_540,"Albany Street, The Regent's Park",51.528302,-0.144466,200134,true,false,,,2022-04-29,
BikePoints_541,"Green Park Station, Mayfair",51.506613,-0.142844,200096,true,false,,,2022-04-29,
BikePoints_542,"Salmon Lane, Limehouse",51.514115,-0.033828,200147,true,false,,,2022-04-29,
BikePoints_543,"Lansdowne Walk, Ladbroke Grove",51.509591,-0.204666,200065,true,false,,,2022-04-29,
BikePoints_544,"Percival Street, Finsbury",51.526153,-0.102208,200051,true,false,,,2022-04-29,
BikePoints_545,"Arlington Road, Camden Town",51.539957,-0.145246,200070,true,false,,,2022-04-29,
BikePoints_546,"New Fetter Lane, Holborn",51.517428,-0.107987,200044,true,false,,,2022-04-29,
BikePoints_547,"East India DLR, Blackwall",51.509474,-0.002275,200127,true,false,,,2022-04-29,
BikePoints_548,"Westminster Bridge Road, Elephant & Castle",51.498386,-0.107913,200076,true,false,,,2022-04-29,
BikePoints_549,"Gaywood  Street, Elephant & Castle",51.49605,-0.104193,200132,true,false,,,2022-04-29,
BikePoints_550,"Harford Street, Mile End",51.521564,-0.039264,200102,true,false,,,2022-04-29,
BikePoints_551,"Import Dock, Canary Wharf",51.505772,-0.01646,200066,true,false,2012-02-24,,2022-04-29,
BikePoints_552,"Watney Street, Shadwell",51.511542,-0.056667,200149,true,false,,,2022-04-29,
BikePoints_553,"Regent's Row , Haggerston",51.535678,-0.062546,200064,true,false,,,2022-04-29,
BikePoints_554,"Aberfeldy Street, Poplar",51.513548,-0.005659,200078,true,false,,,2022-04-29,
BikePoints_556,"Heron Quays DLR, Canary Wharf",51.502661,-0.021596,200138,true,false,,,2022-04-29,
BikePoints_557,"King Edward Street, St Pauls",51.51601,-0.0985,200203,true,false,,,2022-04-29,
BikePoints_558,"Page Street, Westminster",51.493978,-0.127554,200048,true,false,2014-05-09,,2022-04-29,
BikePoints_559,"Abbotsbury Road, Holland Park",51.501391,-0.205991,200111,true,false,,,2022-04-29,
BikePoints_560,"Ladbroke Grove Central, Ladbroke Grove",51.511624,-0.205921,200015,true,false,,,2022-04-29,
BikePoints_561,"Rectory Square, Stepney",51.518369,-0.043371,200037,true,false,2012-02-29,,2022-04-29,
BikePoints_562,"Bury Place, Holborn",51.51746,-0.12335,200074,true,false,2012-02-29,,2022-04-29,2023-11-14
BikePoints_562,"Bury Place, Holborn",51.51742,-0.123189,200074,true,false,2012-02-29,,2023-11-14,
BikePoints_563,"Preston's Road, Cubitt Town",51.499286,-0.009152,200232,true,false,,,2022-04-29,
BikePoints_564,"Somerset House, Strand",51.509943,-0.117619,200068,true,false,,,2022-04-29,
BikePoints_565,"Selby Street, Whitechapel",51.521905,-0.063386,200135,true,false,,,2022-04-29,
BikePoints_566,"Westfield Ariel Way, White City",51.509158,-0.224103,200141,true,false,2012-03-05,,2022-04-29,
BikePoints_568,"Bishop's Bridge Road West, Bayswater",51.51616,-0.18697,200110,true,false,,,2022-04-29,
BikePoints_569,"Pitfield Street Central, Hoxton",51.53213,-0.08299,200248,true,false,,,2022-04-29,
BikePoints_570,"Upper Bank Street, Canary Wharf",51.503083,-0.017676,200099,true,false,2012-03-03,,2022-04-29,
BikePoints_571,"Westfield Southern Terrace ,Shepherd's Bush",51.506256,-0.218337,200061,true,false,2012-03-01,,2022-04-29,
BikePoints_572,"Greenland Road, Camden Town",51.539099,-0.141728,200026,true,false,,,2022-04-29,
BikePoints_573,"Limerston Street, West Chelsea",51.485587,-0.18119,200001,true,false,2012-03-15,,2022-04-29,
BikePoints_574,"Eagle Wharf Road, Hoxton",51.53356,-0.09315,200246,true,false,2012-04-05,,2022-04-29,
BikePoints_576,"Alpha Grove, Millwall",51.497304,-0.022793,200109,true,false,,,2022-04-29,
BikePoints_577,"Globe Town Market, Bethnal Green",51.528869,-0.047548,200247,true,false,,,2022-04-29,
BikePoints_578,"Hollybush Gardens, Bethnal Green",51.527607,-0.057133,200244,true,false,2012-02-28,,2022-04-29,
BikePoints_579,"Queen Street 2, Bank",51.511246,-0.093051,200128,true,false,,,2022-04-29,
BikePoints_580,"Doddington Grove, Kennington",51.486929,-0.102996,200084,true,false,2014-02-12,,2022-04-29,
BikePoints_581,"New Cavendish Street, Marylebone",51.519167,-0.147983,200005,true,false,2012-03-16,,2022-04-29,
BikePoints_583,"Abingdon Green, Westminster",51.49764,-0.125972,200231,true,false,,,2022-04-29,
BikePoints_584,"Ilchester Gardens, Bayswater",51.51244,-0.19096,200086,true,false,,,2022-04-29,
BikePoints_586,"Mudchute DLR, Cubitt Town",51.490645,-0.014582,200092,true,false,2012-03-15,,2022-04-29,
BikePoints_587,"Monument Street, Monument",51.50964,-0.08497,200101,true,false,2012-03-22,,2022-04-29,
BikePoints_588,"Hoxton Street, Hoxton",51.52959,-0.0801,200071,true,false,2012-03-05,,2022-04-29,
BikePoints_589,"Drayton Gardens, West Chelsea",51.487196,-0.179369,200060,true,false,,,2022-04-29,
BikePoints_590,"Greenberry Street, St.John's Wood",51.53256,-0.16862,200236,true,false,,,2022-04-29,
BikePoints_591,"Westfield Library Corner, Shepherd's Bush",51.506093,-0.224223,200227,true,false,2012-03-03,,2023-05-25,
BikePoints_592,"Bishop's Bridge Road East, Bayswater",51.5171,-0.18377,200108,true,false,,,2022-04-29,
BikePoints_593,"Northdown Street, King's Cross",51.531066,-0.11934,200058,true,false,,,2022-04-29,
BikePoints_594,"Kingsway Southbound, Strand",51.513875,-0.117774,200226,true,false,2012-03-14,,2022-04-29,
BikePoints_595,"Hammersmith Road, Hammersmith",51.493267,-0.21985,200142,true,false,,,2022-04-29,
BikePoints_596,"Parson's Green , Parson's Green",51.472817,-0.199783,200237,true,false,,,2022-04-29,
BikePoints_597,"Fulham Park Road, Fulham",51.473471,-0.20782,200229,true,false,,,2022-04-29,
BikePoints_598,"Southerton Road, Hammersmith",51.494499,-0.228188,200166,true,false,2017-07-31,,2022-04-29,2022-09-12
BikePoints_598,"Southerton Road, Hammersmith",51.494499,-0.228188,200166,true,false,2017-08-01,,2022-09-12,2022-09-22
BikePoints_598,"Southerton Road, Hammersmith",51.494499,-0.228188,200166,true,false,2017-07-31,,2022-09-22,2022-09-23
BikePoints_598,"Southerton Road, Hammersmith",51.494499,-0.228188,200166,true,false,2017-08-01,,2022-09-23,2022-11-23
BikePoints_598,"Southerton Road, Hammersmith",51.494499,-0.228188,200166,true,false,2017-07-31,,2022-11-23,
BikePoints_599,"Manbre Road, Hammersmith",51.485743,-0.223616,200235,true,false,,,2022-04-29,
BikePoints_600,"South Lambeth Road, Vauxhall",51.481747,-0.124642,200133,true,false,,,2022-04-29,
BikePoints_601,"BBC White City, White City",51.514767,-0.225787,200136,true,false,,,2022-04-29,
BikePoints_602,"Union Grove, Wandsworth Road",51.472993,-0.133972,200211,true,false,,,2022-04-29,
BikePoints_603,"Caldwell Street, Stockwell",51.477839,-0.116493,200137,true,false,,,2022-04-29,
BikePoints_604,"St Martins Close, Camden Town",51.538792,-0.138535,200195,true,false,,,2022-04-29,
BikePoints_605,"Seymour Place, Marylebone",51.520331,-0.163667,200198,true,false,,,2022-06-08,
BikePoints_606,"Addison Road, Holland Park",51.504199,-0.210941,200218,true,false,,,2022-04-29,
BikePoints_607,"Putney Bridge Station, Fulham",51.468814,-0.210279,200125,true,false,,,2022-04-29,
BikePoints_608,"Colet Gardens, Hammersmith",51.491093,-0.216493,200224,true,false,,,2022-04-29,
BikePoints_609,"Sugden Road, Clapham",51.465123,-0.157788,200208,true,false,2013-09-25,,2022-04-29,
BikePoints_610,"Danvers Street, West Chelsea",51.482567,-0.172078,200222,true,false,2013-09-25,,2022-04-29,
BikePoints_611,"Princedale Road , Holland Park",51.506465,-0.208486,200067,true,false,2013-09-26,,2022-04-29,
BikePoints_612,"Wandsworth Rd, Isley Court, Wandsworth Road",51.469259,-0.141812,200175,true,false,2013-09-27,,2022-04-29,
BikePoints_613,"Woodstock Grove, Shepherd's Bush",51.504038,-0.2174,200214,true,false,2013-09-26,,2022-04-29,
BikePoints_614,"London Fields, Hackney Central",51.54119,-0.058826,200025,true,false,2013-10-03,,2022-04-29,
BikePoints_615,"Finlay Street, Fulham",51.476885,-0.215895,200029,true,false,2013-09-27,,2022-04-29,
BikePoints_616,"Aintree Street, Fulham",51.481021,-0.209973,200098,true,false,,,2022-04-29,
BikePoints_617,"Elysium Place, Fulham",51.471079,-0.207842,200028,true,false,2013-09-30,,2022-04-29,
BikePoints_618,"Eel Brook Common, Walham Green",51.476259,-0.193254,300003,true,false,2013-09-30,,2022-04-29,
BikePoints_619,"Irene Road, Parsons Green",51.473763,-0.19701,300012,true,false,2013-09-30,,2022-04-29,
BikePoints_620,"Surrey Lane, Battersea",51.47518,-0.16716,300010,true,false,2013-10-01,,2022-04-29,
BikePoints_621,"Wandsworth Town Station, Wandsworth",51.460864,-0.187427,200091,true,false,2013-10-04,,2022-04-29,
BikePoints_622,"Lansdowne Road, Ladbroke Grove",51.507481,-0.205535,200172,true,false,2013-10-04,,2022-04-29,
BikePoints_623,"Nantes Close, Wandsworth",51.46193,-0.180791,200186,true,false,2013-10-07,,2022-04-29,
BikePoints_624,"Courland Grove, Wandsworth Road",51.472918,-0.132102,200173,true,false,2013-10-08,,2022-04-29,
BikePoints_625,"Queen's Circus, Battersea Park",51.477619,-0.149551,200190,true,false,2013-10-08,,2022-04-29,
BikePoints_626,"Normand Park, West Kensington",51.484386,-0.204815,300008,true,false,2013-10-16,,2022-04-29,
BikePoints_627,"Holden Street, Battersea",51.46879,-0.15823,200007,true,false,2013-10-16,,2022-04-29,
BikePoints_628,"William Morris Way, Sands End",51.468819,-0.184318,200062,true,false,2013-10-10,,2022-04-29,
BikePoints_629,"Morie Street, Wandsworth",51.459953,-0.190184,200187,true,false,2013-10-11,,2022-04-29,
BikePoints_630,"Clarence Walk, Stockwell",51.470732,-0.126994,200194,true,false,2013-10-11,,2022-04-29,
BikePoints_631,"Battersea Park Road, Nine Elms",51.479501,-0.14177,200183,true,false,2013-10-08,,2022-04-29,
BikePoints_632,"Sheepcote Lane, Battersea",51.470538,-0.163041,200176,true,false,2013-10-08,,2022-04-29,
BikePoints_633,"Vereker Road, West Kensington",51.489591,-0.209378,200116,true,false,2013-10-10,,2022-04-29,
BikePoints_634,"Brook Green South, Brook Green",51.494347,-0.215804,300002,true,false,2013-10-14,,2022-04-29,
BikePoints_635,"Greyhound Road, Hammersmith",51.486062,-0.214428,200215,true,false,2013-10-14,,2022-04-29,
BikePoints_636,"South Park, Sands End",51.467064,-0.193502,200180,true,false,2013-10-15,,2022-04-29,
BikePoints_637,"Spencer Park, Wandsworth Common",51.45787,-0.174691,200191,true,false,2013-10-16,,2022-04-29,
BikePoints_638,"Falcon Road, Clapham Junction",51.466633,-0.169821,300014,true,false,2013-10-15,,2022-04-29,
BikePoints_639,"Coomer Place, West Kensington",51.48357,-0.202038,200081,true,false,2013-10-15,,2022-04-29,2022-11-18
BikePoints_639,"Coomer Place, West Kensington",51.48357,-0.202038,300006,true,false,2013-10-15,,2022-11-18,2022-12-01
BikePoints_639,"Coomer Place, West Kensington_OLD",51.48357,-0.202038,300006-1,true,false,2013-10-15,,2022-12-01,
BikePoints_640,"Silverthorne Road, Battersea",51.472865,-0.148059,200179,true,false,2013-10-17,,2022-04-29,
BikePoints_641,"Archbishop's Park, Waterloo",51.498241,-0.117495,300025,true,false,2013-10-16,,2022-04-29,
BikePoints_642,"Fawcett Close, Battersea",51.469161,-0.174485,200192,true,false,2013-10-16,,2022-04-29,
BikePoints_643,"All Saints' Road, Portobello",51.519042,-0.204764,300026,true,false,2013-10-17,,2022-04-29,
BikePoints_644,"Rainville Road, Hammersmith",51.483732,-0.223852,200182,true,false,2013-10-20,,2022-04-29,
BikePoints_645,"Great Suffolk Street, The Borough",51.501732,-0.100292,200200,true,false,2013-10-18,,2022-04-29,
BikePoints_646,"Buckingham Gate, Westminster",51.498865,-0.137424,200178,true,false,2013-10-18,,2022-04-29,
BikePoints_647,"Richmond Way, Shepherd's Bush",51.500353,-0.217515,200181,true,false,2013-10-21,,2022-04-29,
BikePoints_648,"Peterborough Road, Sands End",51.46904,-0.196274,200171,true,false,2013-10-21,,2022-04-29,
BikePoints_649,"World's End Place, West Chelsea",51.481805,-0.180274,300009,true,false,2013-10-21,,2022-04-29,
BikePoints_650,"St. Mark's Road, North Kensington",51.51687,-0.213872,300034,true,false,2013-10-22,,2022-04-29,
BikePoints_651,"Thorndike Close, West Chelsea",51.480898,-0.183853,300030,true,false,2013-10-22,,2022-04-29,
BikePoints_652,"Evesham Street, Avondale",51.511486,-0.21819,300022,true,false,2013-10-15,,2022-04-29,
BikePoints_653,"Simpson Street, Clapham Junction",51.470847,-0.170703,200196,true,false,2013-10-23,,2022-04-29,
BikePoints_654,"Ashmole Estate, Oval",51.482678,-0.117661,200223,true,false,2013-10-23,,2022-04-29,
BikePoints_655,"Crabtree Lane, Fulham",51.482944,-0.219346,200221,true,false,2013-10-24,,2022-04-29,
BikePoints_656,"Broomhouse Lane, Parsons Green",51.468418,-0.199135,200040,true,false,2013-10-24,,2022-04-29,
BikePoints_657,"Blythe Road West, Shepherd's Bush",51.49968,-0.221791,200220,true,false,2013-10-24,,2022-04-29,
BikePoints_658,"Ethelburga Estate, Battersea Park",51.477292,-0.164786,300005,true,false,2013-11-06,,2022-04-29,
BikePoints_659,"Blackfriars Station, St. Paul's",51.511934,-0.103078,200212,true,false,2013-10-25,,2022-04-29,
BikePoints_660,"West Kensington Station, West Kensington",51.49087,-0.206029,300020,true,false,2013-10-25,,2022-04-29,
BikePoints_661,"All Saints Church, Portobello",51.51632,-0.202608,300023,true,false,2013-10-27,,2022-04-29,
BikePoints_662,"Phene Street, Chelsea",51.484984,-0.167919,200189,true,false,2013-10-27,,2022-04-29,
BikePoints_663,"Clarendon Road, Avondale",51.51323,-0.211593,200124,true,false,2013-10-27,,2022-04-29,
BikePoints_664,"Austin Road, Battersea Park",51.474376,-0.155442,300013,true,false,2013-10-28,,2022-04-29,
BikePoints_665,"Smugglers Way, Wandsworth",51.461083,-0.191722,200113,true,false,2013-10-28,,2022-04-29,
BikePoints_666,"Harris Academy, Bermondsey",51.492668,-0.07235,300004,true,false,2013-10-29,,2022-10-18,
BikePoints_667,"Shepherd's Bush Road North, Shepherd's Bush",51.501594,-0.222293,200209,true,false,2013-10-30,,2022-04-29,
BikePoints_668,"Ravenscourt Park Station, Hammersmith",51.494223,-0.236769,300037,true,false,2013-10-30,,2022-04-29,
BikePoints_669,"Teversham Lane, Stockwell",51.476149,-0.123258,300036,true,false,2013-10-30,,2022-04-29,
BikePoints_670,"Ashley Crescent, Battersea",51.467185,-0.152248,200169,true,false,2013-10-31,,2022-04-29,
BikePoints_671,"Parsons Green Station, Parsons Green",51.475089,-0.201968,300052,true,false,2013-10-31,,2022-04-29,
BikePoints_672,"Chicheley Street, South Bank",51.502698,-0.116747,200206,true,false,2013-10-31,,2022-12-08,
BikePoints_673,"Hibbert Street, Battersea",51.46517,-0.180389,300051,true,false,2013-11-01,,2022-04-29,
BikePoints_674,"Carnegie Street, King's Cross",51.535467,-0.116191,300035,true,false,,,2022-04-29,
BikePoints_675,"Usk Road, Clapham Junction",51.463489,-0.182126,200126,true,false,2013-11-01,,2022-04-29,
BikePoints_676,"Hartington Road, Stockwell",51.47787,-0.126874,200207,true,false,2013-11-04,,2022-04-29,
BikePoints_677,"Heath Road, Battersea",51.468669,-0.146544,200023,true,false,2013-11-03,,2022-04-29,
BikePoints_678,"Esmond Street, Putney",51.462312,-0.211468,200170,true,false,2013-11-05,,2022-04-29,
BikePoints_679,"Orbel Street, Battersea",51.474535,-0.17021,200114,true,false,2013-11-05,,2022-04-29,
BikePoints_680,"Westbridge Road, Battersea",51.477684,-0.170329,200210,true,false,2013-11-05,,2022-04-29,
BikePoints_681,"Bishop's Avenue, Fulham",51.473036,-0.214749,200043,true,false,2013-11-06,,2022-04-29,
BikePoints_682,"Crisp Road, Hammersmith",51.488108,-0.226606,200059,true,false,2013-11-06,,2022-04-29,
BikePoints_683,"Dorothy Road, Clapham Junction",51.465064,-0.16375,200119,true,false,2013-11-06,,2022-04-29,
BikePoints_684,"Neville Gill Close, Wandsworth",51.454752,-0.195197,200188,true,false,2013-11-07,,2022-04-29,
BikePoints_685,"Osiers Road, Wandsworth",51.46067,-0.198735,200219,true,false,2013-11-07,,2022-04-29,
BikePoints_686,"Beryl Road, Hammersmith",51.488144,-0.222456,200097,true,false,2013-11-07,,2022-04-29,
BikePoints_687,"Clements Road, Bermondsey",51.4954,-0.061698,200216,true,false,2013-11-07,,2022-10-11,
BikePoints_688,"Northfields, Wandsworth",51.460951,-0.200667,200204,true,false,2013-11-08,,2022-04-29,
BikePoints_689,"Spanish Road, Clapham Junction",51.459225,-0.180884,200106,true,false,2013-11-08,,2022-04-29,
BikePoints_690,"Stanley Grove, Battersea",51.470475,-0.15213,200199,true,false,2013-11-08,,2022-04-29,
BikePoints_691,"Erin Close, Walham Green",51.479463,-0.195777,200184,true,false,2013-11-18,,2022-04-29,
BikePoints_692,"Cadogan Close, Victoria Park",51.542118,-0.028941,200112,true,false,2013-11-11,,2022-04-29,
BikePoints_693,"Felsham Road, Putney",51.464786,-0.215618,300019,true,false,2013-11-09,,2022-04-29,
BikePoints_694,"Putney Rail Station, Putney",51.460717,-0.216526,300033,true,false,2013-11-09,,2022-04-29,
BikePoints_695,"Islington Green, Angel",51.536384,-0.102757,300031,true,false,2013-11-11,,2022-04-29,
BikePoints_696,"Charing Cross Hospital, Hammersmith",51.487285,-0.217995,300018,true,false,2013-11-11,,2022-04-29,
BikePoints_697,"Charlotte Terrace, Angel",51.536392,-0.112721,200129,true,false,2013-11-12,,2022-04-29,
BikePoints_698,"Shoreditch Court, Haggerston",51.539083,-0.070329,200121,true,false,2013-11-12,,2022-04-29,
BikePoints_699,"Belford House, Haggerston",51.536654,-0.07023,200057,true,false,2013-11-12,,2022-04-29,
BikePoints_700,"Battersea Church Road, Battersea",51.476964,-0.174347,200201,true,false,2013-11-13,,2022-04-29,
BikePoints_701,"Vicarage Crescent, Battersea",51.472876,-0.176267,200077,true,false,2013-11-13,,2022-04-29,
BikePoints_702,"Durant Street, Bethnal Green",51.528681,-0.06555,200213,true,false,2013-11-13,,2022-04-29,
BikePoints_703,"St. Bride Street, Holborn",51.515059,-0.105344,200094,true,false,2013-11-13,,2022-04-29,2025-07-17
BikePoints_703,"St. Bride Street, Holborn",51.514665,-0.104583,200094,true,false,2013-11-13,,2025-07-17,
BikePoints_704,"Mexfield Road, East Putney",51.45682,-0.202802,200063,true,false,2013-11-14,,2022-04-29,
BikePoints_705,"Upper Richmond Road, Putney",51.459715,-0.212145,300042,true,true,2013-11-14,2018-10-18,2022-04-29,
BikePoints_706,"Snowsfields, London Bridge",51.502153,-0.083632,200193,true,false,2013-11-14,,2022-04-29,
BikePoints_707,"Barons Court Station, West Kensington",51.490217,-0.215087,200197,true,false,2013-11-14,,2022-04-29,
BikePoints_708,"Disraeli Road, Putney",51.46161,-0.216145,200217,true,false,2013-11-15,,2022-04-29,
BikePoints_709,"Montserrat Road , Putney",51.463211,-0.21555,200205,true,false,2013-11-15,,2022-04-29,
BikePoints_710,"Albert Bridge Road, Battersea Park",51.474392,-0.163347,300045,true,false,2013-11-15,,2022-04-29,
BikePoints_711,"Everington Street, Fulham",51.483356,-0.216305,300028,true,false,2013-11-18,,2022-04-29,
BikePoints_712,"Mile End Stadium, Mile End",51.518541,-0.034903,300056,true,false,2013-11-18,,2022-04-29,
BikePoints_713,"Hawley Crescent, Camden Town",51.541007,-0.14326,200122,true,false,2013-11-18,,2022-04-29,
BikePoints_714,"Stewart's Road, Wandsworth Road",51.473116,-0.137235,300055,true,false,2013-11-19,,2022-04-29,
BikePoints_715,"Aylward Street, Stepney",51.51563,-0.049067,300049,true,false,2013-11-19,,2022-04-29,
BikePoints_716,"Stainsby Road , Poplar",51.515427,-0.023565,300048,true,false,2013-11-19,,2022-04-29,
BikePoints_717,"Dunston Road , Haggerston",51.536585,-0.075885,300024,true,false,2013-11-20,,2022-04-29,
BikePoints_718,"Ada Street, Hackney Central",51.535716,-0.060291,300040,true,false,2013-11-20,,2022-04-29,
BikePoints_719,"Victoria Park Road, Hackney Central",51.536424,-0.054162,300011,true,false,2013-11-20,,2022-04-29,
BikePoints_720,"Star Road, West Kensington",51.487244,-0.205279,300038,true,false,2013-11-21,,2022-04-29,
BikePoints_721,"Wendon Street, Old Ford",51.536039,-0.026262,300039,true,false,2013-11-21,,2022-04-29,
BikePoints_722,"Finnis Street, Bethnal Green",51.524583,-0.058631,300041,true,false,2013-11-21,,2022-04-29,
BikePoints_723,"Stephendale Road, Sands End",51.46822,-0.190346,300053,true,false,2013-11-21,,2022-04-29,
BikePoints_724,"Alma Road, Wandsworth",51.457991,-0.184806,300046,true,false,2013-11-22,,2022-04-29,
BikePoints_725,"Walworth Square, Walworth",51.491327,-0.096518,300050,true,false,2019-07-17,,2022-04-29,
BikePoints_726,"Alfreda Street, Battersea Park",51.47505,-0.150908,300047,true,false,2013-11-22,,2022-04-29,
BikePoints_727,"Chesilton Road, Fulham",51.475698,-0.205876,300054,true,false,2013-11-22,,2022-04-29,
BikePoints_728,"Putney Bridge Road, East Putney",51.461999,-0.20624,300044,true,false,2013-11-26,,2022-04-29,
BikePoints_729,"St. Peter's Terrace, Fulham",51.478939,-0.208485,300043,true,false,2013-11-25,,2022-04-29,
BikePoints_730,"Bridge Avenue, Hammersmith",51.492084,-0.229116,300082,true,false,2013-11-22,,2022-04-29,
BikePoints_731,"Michael Road, Walham Green",51.477276,-0.18921,300095,true,false,2013-11-25,,2022-04-29,
BikePoints_732,"Duke Street Hill, London Bridge",51.506304,-0.087262,300083,true,false,2013-11-26,,2022-04-29,
BikePoints_733,"Park Lane, Mayfair",51.505426,-0.150817,300093,true,false,2013-11-26,,2022-04-29,
BikePoints_734,"Plough Terrace, Clapham Junction",51.462305,-0.175407,300094,true,false,2013-11-26,,2022-04-29,
BikePoints_735,"Grant Road East, Clapham Junction",51.464894,-0.173029,200120,true,false,2013-11-25,,2022-04-29,
BikePoints_736,"Queensdale Road, Shepherd's Bush",51.50659,-0.216104,300088,true,false,2013-11-26,,2022-04-29,
BikePoints_737,"Fulham Broadway, Walham Green",51.479932,-0.194116,300086,true,false,2013-11-27,,2022-04-29,
BikePoints_738,"Imperial Road, Sands End",51.475142,-0.187278,300087,true,false,2013-11-27,,2022-04-29,
BikePoints_739,"Hortensia Road, West Brompton",51.481765,-0.185273,300091,true,false,2013-11-28,,2022-04-29,
BikePoints_740,"Sirdar Road, Avondale",51.510928,-0.214594,300084,true,false,2013-11-28,,2022-04-29,
BikePoints_741,"Freston Road, Avondale",51.512981,-0.219486,300085,true,false,2013-11-28,,2022-04-29,
BikePoints_742,"Blenheim Crescent, Ladbroke Grove",51.515108,-0.208565,300090,true,false,2013-11-28,,2022-04-29,
BikePoints_743,"Oxford Road, Putney",51.460792,-0.212607,300078,true,false,2013-11-29,,2022-04-29,
BikePoints_744,"Ingrave Street, Clapham Junction",51.467454,-0.172293,300077,true,false,2013-11-29,,2022-04-29,
BikePoints_745,"Upcerne Road, West Chelsea",51.478169,-0.182435,300075,true,false,2013-11-29,,2022-04-29,
BikePoints_746,"Lots Road, West Chelsea",51.479573,-0.179038,300076,true,false,2013-12-02,,2022-04-29,
BikePoints_747,"Ormonde Gate, Chelsea",51.487964,-0.161765,300089,true,false,2013-12-02,,2022-04-29,
BikePoints_748,"Hertford Road, De Beauvoir Town",51.537277,-0.079201,300092,true,false,2013-12-04,,2022-04-29,
BikePoints_749,"Haggerston Road, Haggerston",51.539328,-0.074284,300081,true,false,2013-12-04,,2022-04-29,
BikePoints_750,"Culvert Road, Battersea",51.471095,-0.15785,300080,true,false,2013-12-05,,2022-04-29,
BikePoints_751,"Newton Street, Covent Garden",51.516128,-0.120909,300074,true,false,2013-12-05,,2022-04-29,2025-04-11
BikePoints_751,"Newton Street, Covent Garden",51.516128,-0.120909,300074,false,false,2013-12-05,,2025-04-11,2025-05-08
BikePoints_751,"Newton Street, Covent Garden",51.516128,-0.120909,300074,true,false,2013-12-05,,2025-05-08,
BikePoints_752,"London Street, Paddington",51.515117,-0.173712,300079,true,false,2022-04-19,,2022-04-29,
BikePoints_753,"Clapham South, Clapham South",51.452997,-0.148651,300006,true,false,2013-12-06,,2023-08-24,
BikePoints_754,"Grenfell Road, Avondale",51.5129,-0.214762,300067,true,false,2014-01-06,,2022-04-29,
BikePoints_755,"The Vale, Chelsea",51.485121,-0.174971,300058,true,false,2014-01-06,,2022-04-29,
BikePoints_756,"Prince of Wales Drive, Battersea Park",51.475153,-0.159169,300073,true,false,2014-01-20,,2022-04-29,
BikePoints_757,"Harcourt Terrace, West Brompton",51.487958,-0.187404,300069,true,false,2014-01-07,,2022-04-29,
BikePoints_758,"Westbourne Park Road, Portobello",51.51787,-0.201005,300057,true,false,2014-01-08,,2022-04-29,
BikePoints_759,"Broadley Terrace, Marylebone",51.524561,-0.165668,300072,true,false,2014-01-13,,2022-04-29,
BikePoints_760,"Elgin Avenue, Maida Hill",51.524309,-0.201234,300071,true,false,2014-01-21,,2023-06-08,
BikePoints_761,"Humbolt Road, Fulham",51.483217,-0.21186,300068,true,false,2014-01-15,,2022-04-29,
BikePoints_762,"Storey's Gate, Westminster",51.500703,-0.129698,200202,true,false,2014-02-10,,2022-04-29,
BikePoints_763,"Mile End Park Leisure Centre, Mile End",51.520597,-0.032566,300027,true,false,2014-02-10,,2022-04-29,
BikePoints_764,"St. John's Road, Clapham Junction",51.462392,-0.168292,200185,true,false,2014-02-17,,2022-04-29,
BikePoints_765,"Ranelagh Gardens, Fulham",51.467601,-0.206827,300064,true,false,2014-02-21,,2022-04-29,
BikePoints_766,"Ram Street, Wandsworth",51.457529,-0.192165,200079,true,false,2014-02-20,,2022-04-29,
BikePoints_767,"Santos Road, Wandsworth",51.457059,-0.200806,200177,true,false,2014-02-26,,2022-04-29,
BikePoints_768,"Clapham Common North Side, Clapham Common",51.461343,-0.159322,300065,true,false,2014-02-27,,2022-04-29,
BikePoints_769,"Sandilands Road, Walham Green",51.473611,-0.191803,300001,true,false,2014-03-04,,2022-04-29,
BikePoints_770,"Gwendwr Road, West Kensington",51.491026,-0.209121,300097,true,false,2014-03-06,,2022-04-29,
BikePoints_771,"Rifle Place, Avondale",51.509224,-0.216016,300007,true,false,2014-03-05,,2022-04-29,
BikePoints_772,"Binfield Road, Stockwell",51.472509,-0.122831,300015,true,false,2014-04-02,,2022-04-29,
BikePoints_773,"Tallis Street, Temple",51.511891,-0.107349,300096,true,false,2014-03-31,,2022-04-29,
BikePoints_774,"Hurlingham Park, Parsons Green",51.470131,-0.20464,300098,true,false,2014-03-31,,2022-04-29,
BikePoints_775,"Little Brook Green, Brook Green",51.496664,-0.223868,300101,true,false,2014-03-31,,2022-04-29,
BikePoints_776,"Abyssinia Close, Clapham Junction",51.460333,-0.167029,300099,true,false,2014-03-31,,2022-04-29,2025-10-29
BikePoints_776,"Abyssinia Close, Clapham Junction",51.517632,-0.129985,300099,true,false,2014-03-31,,2025-10-29,2025-10-30
BikePoints_776,"Adeline Place, Bloomsbury",51.517632,-0.129985,300099,false,false,2014-03-31,,2025-10-30,2025-11-01
BikePoints_776,"Adeline Place, Bloomsbury",51.517632,-0.129985,300099,true,false,2014-03-31,,2025-11-01,
BikePoints_777,"Limburg Road, Clapham Junction",51.461923,-0.165297,300100,true,false,2014-07-25,,2022-04-29,
BikePoints_779,"Houndsditch, Aldgate",51.514449,-0.077178,200072,true,false,2015-06-26,,2022-04-29,
BikePoints_780,"Imperial Wharf Station, Sands End",51.474665,-0.183165,300070,true,false,2015-08-13,,2022-04-29,
BikePoints_781,"Victoria & Albert Museum, South Kensington",51.495898,-0.173009,300032,true,false,2015-11-02,,2022-04-29,
BikePoints_782,"Halford Road, West Kensington",51.483911,-0.197609,300210,true,false,2015-11-02,,2022-04-29,
BikePoints_783,"Monier Road, Hackney Wick",51.540311,-0.02163,300213,true,false,2015-11-26,,2022-04-29,
BikePoints_784,"East Village, Queen Elizabeth Olympic Park",51.546326,-0.009935,300200,true,false,2016-01-14,,2022-04-29,
BikePoints_785,"Aquatic Centre, Queen Elizabeth Olympic Park",51.54094,-0.01051,300233,true,false,2016-01-04,,2022-04-29,2025-02-25
BikePoints_785,"Aquatic Centre, Queen Elizabeth Olympic Park",51.541482,-0.010437,300233,true,false,2016-01-04,,2025-02-25,
BikePoints_786,"Lee Valley VeloPark, Queen Elizabeth Olympic Park",51.549369,-0.015717,300029,true,false,2016-01-04,,2022-04-29,
BikePoints_787,"Timber Lodge, Queen Elizabeth Olympic Park",51.546805,-0.014691,300227,true,false,2016-01-04,,2022-04-29,
BikePoints_788,"Copper Box Arena, Queen Elizabeth Olympic Park",51.544909,-0.020542,300226,true,false,2016-01-04,,2022-04-29,
BikePoints_789,"Podium, Queen Elizabeth Olympic Park",51.538718,-0.011889,300021,true,false,2016-01-11,,2022-04-29,
BikePoints_790,"Stratford Station, Stratford",51.541793,-0.00481,300234,true,false,2016-01-13,,2022-04-29,
BikePoints_792,"Blackfriars Road, Southwark",51.505461,-0.10454,300214,true,false,2016-02-08,,2022-04-29,
BikePoints_793,"Cromer Street, Bloomsbury",51.528279,-0.119558,300205,true,false,2016-03-31,,2022-04-29,
BikePoints_794,"Victoria Rise, Clapham Common",51.461376,-0.147804,300204,true,false,2016-02-25,,2022-04-29,
BikePoints_795,"Euston Square Gardens, Euston",51.527068,-0.131861,300203,true,false,2016-02-29,,2022-04-29,
BikePoints_796,"Coram Street, Bloomsbury",51.524,-0.126409,300201,true,false,2016-02-29,,2022-04-29,
BikePoints_797,"Ossulston Street, Somers Town",51.5293,-0.128279,300211,true,false,2016-03-01,,2022-04-29,
BikePoints_798,"Birkenhead Street, King's Cross",51.530199,-0.122299,300212,true,false,2016-06-01,,2022-04-29,
BikePoints_799,"Kings Gate House, Westminster",51.497698,-0.137598,300202,true,false,2016-06-02,,2022-04-29,
BikePoints_800,"Sopwith Way, Battersea Park",51.481121,-0.149035,300248,true,false,2016-03-04,,2022-04-29,2026-06-27
BikePoints_800,"Sopwith Way, Battersea Park",51.481121,-0.149035,300248,false,false,2016-03-04,,2026-06-27,2026-07-02
BikePoints_800,"Sopwith Way, Battersea Park",51.481121,-0.149035,300248,true,false,2016-03-04,,2026-07-02,
BikePoints_801,"Lavington Street, Bankside",51.505224,-0.098031,300208,true,false,2016-03-24,,2022-04-29,
BikePoints_802,"Albert Square, Stockwell",51.47659,-0.118256,300209,true,false,2016-06-02,,2022-04-29,
BikePoints_803,"Southwark Street, Bankside",51.505409,-0.098341,300238,true,false,2016-06-01,,2022-04-29,
BikePoints_804,"Good's Way, King's Cross",51.534667,-0.125078,300243,true,false,2016-03-31,,2022-04-29,
BikePoints_805,"The Metropolitan, Portobello",51.520509,-0.200804,300244,true,false,2016-07-04,,2022-04-29,
BikePoints_806,"Handyside Street, King's Cross",51.53724,-0.124807,300241,true,false,2016-09-01,,2022-04-29,
BikePoints_807,"Bevington Road West, North Kensington",51.5212,-0.208888,300236,true,false,2016-06-23,,2022-04-29,
BikePoints_808,"Gauden Road, Clapham",51.464995,-0.130908,300207,true,false,2016-04-27,,2022-04-29,
BikePoints_809,"Lincoln's Inn Fields, Holborn",51.516277,-0.118272,300240,true,false,2016-07-04,,2022-04-29,
BikePoints_810,"Tate Modern, Bankside",51.506725,-0.098807,300237,true,false,2016-06-03,,2022-04-29,
BikePoints_811,"Westferry Circus, Canary Wharf",51.505703,-0.027772,300228,true,false,2016-07-26,,2022-04-29,
BikePoints_812,"Here East North, Queen Elizabeth Olympic Park",51.548731,-0.022606,300217,true,false,2016-07-20,,2022-04-29,
BikePoints_813,"New Spring Gardens Walk, Vauxhall",51.487807,-0.122759,300224,true,false,2016-07-04,,2022-04-29,
BikePoints_814,"Clapham Road, Lingham Street, Stockwell",51.471433,-0.12367,300245,true,false,2016-06-02,,2022-04-29,
BikePoints_815,"Lambeth Palace Road, Waterloo",51.500089,-0.116628,300231,true,false,2016-05-04,,2022-04-29,
BikePoints_816,"Here East South, Queen Elizabeth Olympic Park",51.546532,-0.020597,300219,true,false,2017-03-09,,2022-04-29,
BikePoints_817,"Riverlight South, Nine Elms",51.481335,-0.138212,300232,true,false,2016-06-03,,2022-04-29,
BikePoints_818,"Westminster Pier, Westminster",51.501513,-0.123823,300249,true,false,2019-07-24,,2022-04-29,
BikePoints_819,"Belvedere Road 2, South Bank",51.50621,-0.114842,300246,true,false,2016-10-13,,2022-04-29,
BikePoints_820,"Victory Place, Walworth",51.492807,-0.091938,300239,true,false,2016-12-15,,2022-04-29,
BikePoints_821,"Battersea Power Station, Battersea Park",51.483507,-0.147714,300221,true,false,2017-02-17,,2022-04-29,
BikePoints_826,"Allington Street, Victoria",51.496863,-0.142943,300242,true,false,2017-07-20,,2022-04-29,
BikePoints_827,"Cranmer Road, Stockwell",51.479601,-0.111471,300247,true,false,2018-02-05,,2022-04-29,
BikePoints_828,"Normandy Road, Stockwell",51.473874,-0.11258,300225,true,false,2018-02-05,,2022-04-29,
BikePoints_829,"Wynne Road, Stockwell",51.469217,-0.112686,300230,true,false,2018-02-01,,2022-04-29,
BikePoints_830,"Sidney Road, Stockwell",51.469202,-0.119022,300229,true,false,2018-02-07,,2022-04-29,
BikePoints_831,"St John's Crescent, Brixton",51.466232,-0.113179,300215,true,false,2018-02-07,,2022-04-29,
BikePoints_832,"Ferndale Road, Brixton",51.464019,-0.115781,200240,true,false,2018-02-07,,2022-04-29,
BikePoints_833,"Saltoun Road, Brixton",51.460232,-0.115375,300206,true,false,2018-02-06,,2022-04-29,
BikePoints_834,"Gas Holders, Battersea Park",51.477966,-0.147857,300216,true,false,2018-06-19,,2022-04-29,2022-09-12
BikePoints_834,"Gas Holders, Battersea Park",51.477966,-0.147857,300216,true,false,2018-06-20,,2022-09-12,2022-11-23
BikePoints_834,"Gas Holders, Battersea Park",51.477966,-0.147857,300216,true,false,2018-06-19,,2022-11-23,
BikePoints_835,"Farringdon Street, Holborn",51.516785,-0.104947,300220,true,false,,,2022-04-29,
BikePoints_836,"York Way, Kings Cross",51.541596,-0.125441,300235,true,false,,,2022-04-29,
BikePoints_838,"Fore Street Avenue, Guildhall",51.518093,-0.091401,300222,true,false,2018-10-11,,2022-04-29,2023-07-18
BikePoints_838,"Fore Street, Guildhall",51.518093,-0.091401,300222,true,false,2018-10-11,,2023-07-18,
BikePoints_839,"Sea Containers, South Bank",51.508033,-0.106823,200144,true,false,2018-12-12,,2022-04-29,
BikePoints_840,"George Row, Bermondsey",51.498585,-0.068981,002679,true,false,2020-09-10,,2022-04-29,
BikePoints_841,"Tower Wharf, Bermondsey",51.500845,-0.074704,002667,true,false,,,2022-04-29,
BikePoints_842,"Temple Gardens, Temple",51.510981,-0.108322,300250,true,false,2020-09-23,,2022-04-29,
BikePoints_843,"Rotherhithe Roundabout, Rotherhithe Temp",51.499169,-0.055846,300251,false,false,2020-09-23,,2025-06-11,
BikePoints_844,"Canada Water Station, Rotherhithe",51.498439,-0.04915,300252,true,false,2020-12-18,,2022-04-29,
BikePoints_845,"Bermondsey Station, Bermondsey",51.497995,-0.063471,300253,true,false,2020-12-18,,2022-04-29,
BikePoints_846,"Burgess Park Albany Road, Walworth",51.48224,-0.094284,300063,true,true,2022-08-06,,2022-08-06,2022-08-20
BikePoints_846,"Burgess Park Albany Road, Walworth",51.48224,-0.094284,300063,true,false,2022-08-06,,2022-08-20,2022-09-11
BikePoints_846,"Burgess Park Albany Road, Walworth",51.48224,-0.094284,300063,true,true,2022-08-06,,2022-09-11,2022-09-12
BikePoints_846,"Burgess Park Albany Road, Walworth",51.48224,-0.094284,300063,true,false,2022-08-06,,2022-09-12,
BikePoints_847,"South Bermondsey Station, Bermondsey",51.488067,-0.057774,300062,true,false,,,2022-10-11,
BikePoints_848,"Horse Guards Avenue, Westminster",51.505031,-0.123,300066,false,true,,,2026-06-02,2026-06-05
BikePoints_848,"Horse Guards Avenue, Westminster",51.505031,-0.123,300066,true,true,,,2026-06-05,
BikePoints_849,"Crimscott Street, Bermondsey",51.495598,-0.078893,300061,true,false,,,2022-12-07,
BikePoints_850,"Brandon Street, Walworth",51.489102,-0.091548,300255,true,false,,,2022-08-19,2022-08-30
BikePoints_850,"Brandon Street, Walworth",51.489102,-0.091548,300060,true,false,,,2022-08-30,2022-09-11
BikePoints_850,"Brandon Street, Walworth",51.489102,-0.091548,300255,true,false,,,2022-09-11,2022-09-12
BikePoints_850,"Brandon Street, Walworth",51.489102,-0.091548,300060,true,false,,,2022-09-12,2025-01-07
BikePoints_850,"Brandon Street, Walworth",51.489102,-0.091548,300255,true,false,,,2025-01-07,2025-01-09
BikePoints_850,"Brandon Street, Walworth",51.489102,-0.091548,300060,true,false,,,2025-01-09,2025-01-10
BikePoints_850,"Brandon Street, Walworth",51.489102,-0.091548,300255,true,false,,,2025-01-10,2025-01-11
BikePoints_850,"Brandon Street, Walworth",51.489102,-0.091548,300060,true,false,,,2025-01-11,2025-01-15
BikePoints_850,"Brandon Street, Walworth",51.489102,-0.091548,300255,true,false,,,2025-01-15,2025-01-17
BikePoints_850,"Brandon Street, Walworth",51.489102,-0.091548,300060,true,false,,,2025-01-17,
BikePoints_851,"The Blue, Bermondsey",51.492221,-0.062513,300059,true,false,2022-10-17,,2022-10-18,
BikePoints_852,"Coomer Place, West Kensington",,,300006,false,false,,,2022-11-30,2022-12-03
BikePoints_852,"Coomer Place, West Kensington",,,300006,true,false,,,2022-12-03,2022-12-06
BikePoints_852,"Coomer Place, West Kensington",51.48357,-0.202038,300006,true,false,,,2022-12-06,2023-08-24
BikePoints_852,"Coomer Place, West Kensington",51.48357,-0.202038,200081,true,false,,,2023-08-24,
BikePoints_853,"Disraeli Road, Putney_new",,,"Disraeli Road, Putney_new",false,false,,,2023-03-06,2023-03-08
BikePoints_853,"Disraeli Road, Putney",51.46161,-0.216145,200217,true,false,,,2023-03-08,
BikePoints_854,"Disraeli Road, Putney_old",,,"Disraeli Road, Putney_old",false,false,,,2023-03-06,
BikePoints_855,,,,,,,,,2023-03-07,
BikePoints_856,"Hardwick Street, Clerkenwell",,,001057,false,false,,,2023-03-21,2023-03-22
BikePoints_856,"Hardwick Street, Clerkenwell",51.527842,-0.108068,001057,false,false,,,2023-03-22,
BikePoints_857,"Strand, Strand",,,001100,false,false,,,2023-10-17,2023-10-18
BikePoints_857,"Strand, Strand",51.512582,-0.115057,001100,false,false,,,2023-10-18,2023-10-20
BikePoints_857,"Strand, Strand",51.512582,-0.115057,001100,true,false,,,2023-10-20,2023-11-11
BikePoints_857,"Strand, Strand",51.512582,-0.115057,001100,false,false,,,2023-11-11,2023-11-12
BikePoints_857,"Strand, Strand",51.512582,-0.115057,001100,true,false,,,2023-11-12,2024-01-01
BikePoints_857,"Strand, Strand",51.512582,-0.115057,001100,false,false,,,2024-01-01,2024-01-02
BikePoints_857,"Strand, Strand",51.512582,-0.115057,001100,true,false,,,2024-01-02,2025-01-01
BikePoints_857,"Strand, Strand",51.512582,-0.115057,001100,false,false,,,2025-01-01,2025-01-02
BikePoints_857,"Strand, Strand",51.512582,-0.115057,001100,true,false,,,2025-01-02,2025-11-08
BikePoints_857,"Strand, Strand",51.512582,-0.115057,001100,false,false,,,2025-11-08,2025-11-09
BikePoints_857,"Strand, Strand",51.512582,-0.115057,001100,true,false,,,2025-11-09,2026-01-02
BikePoints_857,"Strand, Strand",51.512582,-0.115057,001100,false,false,,,2026-01-02,2026-01-03
BikePoints_857,"Strand, Strand",51.512582,-0.115057,001100,true,false,,,2026-01-03,
BikePoints_858,,,,,,,,,2023-10-17,
BikePoints_860,"Kennington Oval, Oval",51.483145,-0.113134,200032,false,false,,,2024-05-20,
BikePoints_862,"Abbey Orchard Street, Westminster_XXXX",,,"Abbey Orchard Street, Westminster_XXXX",false,false,,,2024-08-20,
BikePoints_863,One London,,,One London,false,false,,,2024-08-20,
BikePoints_864,"Abbey Orchard Street, Westminster",,,003429,true,false,2010-07-14,,2024-08-21,2024-08-22
BikePoints_864,"Abbey Orchard Street, Westminster",51.498125,-0.132102,003429,true,false,2010-07-14,,2024-08-22,
BikePoints_865,"Leonard Circus , Shoreditch",,,001020,true,false,2010-07-07,,2024-08-21,2024-08-22
BikePoints_865,"Leonard Circus , Shoreditch",51.524696,-0.084439,001020,true,false,2010-07-07,,2024-08-22,
BikePoints_866,"Limburg Road, Clapham Junction",51.461923,-0.165297,300100,true,false,,,2024-12-10,2025-08-22
BikePoints_866,"Limburg Road, Clapham Junction",51.461923,-0.165297,300100,true,false,2014-07-25,,2025-08-22,
BikePoints_867,"Pritchard's Road, Bethnal Green",51.532091,-0.061419,200083,true,false,2025-02-04,,2025-02-04,
BikePoints_868,"Kennington Lane Rail Bridge, Vauxhall",,,001190,true,false,2010-07-21,,2025-02-05,2025-02-06
BikePoints_868,"Kennington Lane Rail Bridge, Vauxhall",51.486343,-0.122492,001190,true,false,2010-07-21,,2025-02-06,
BikePoints_869,"Albert Embankment, Vauxhall",51.490435,-0.122806,001059,true,false,2010-07-14,,2025-02-06,
BikePoints_870,"Lower Marsh, Waterloo",51.500139,-0.113935,001219,true,false,2010-09-06,,2025-02-12,
BikePoints_872,"Risinghill Street, Angel",51.533319,0.111781,001127,true,false,2010-07-26,,2025-03-06,2025-03-07
BikePoints_872,"Risinghill Street, Angel",51.533319,-0.111781,001127,true,false,2010-07-26,,2025-03-07,
BikePoints_873,"St. Pancras Way, Camden Town",51.537071,-0.13285,001111,false,false,2010-07-21,,2025-05-02,2025-05-09
BikePoints_873,"St. Pancras Way, Camden Town",51.537071,-0.13285,001111,true,false,2010-07-21,,2025-05-09,
BikePoints_874,"Handyside Street, King's Cross",51.53724,-0.124807,300241,true,false,2016-09-01,,2025-04-04,
BikePoints_875,"Victoria Rise, Clapham Common",51.461376,-0.147804,300204,true,false,2016-02-25,,2025-05-26,
BikePoints_876,"Old Quebec Street, Marylebone",51.514577,-0.158264,001085,true,false,2010-07-14,,2025-06-10,
BikePoints_877,"Spencer Park, Wandsworth Common",,,200191,false,false,,,2025-06-29,2025-06-30
BikePoints_877,"Spencer Park, Wandsworth Common",51.45787,-0.174691,200191,false,false,,,2025-06-30,2025-07-01
BikePoints_877,"Spencer Park, Wandsworth Common",51.45787,-0.174691,200191,true,false,2013-10-16,,2025-07-01,
BikePoints_878,"Victoria & Albert Museum, South Kensington",,,300032,false,false,,,2025-07-21,2025-07-23
BikePoints_878,"Victoria & Albert Museum, South Kensington",51.495898,-0.173009,300032,true,false,2015-11-02,,2025-07-23,
BikePoints_879,"BBC White City, White City",,,200136,true,false,,,2025-08-06,2025-08-07
BikePoints_879,"BBC White City, White City",51.514767,-0.225786,200136,true,false,,,2025-08-07,
BikePoints_880,,51.528302,-0.144465,,,,,,2025-08-11,
BikePoints_881,"Albany Street, The Regent's Park",51.528302,-0.144465,200134,true,false,,,2025-08-11,
BikePoints_882,"Maplin Street, Mile End",51.525501,-0.032267,200230,true,false,2012-01-22,,2025-09-03,
BikePoints_883,"London Fields, Hackney",51.54119,-0.058826,200025,true,false,2013-10-03,,2025-09-09,2026-01-09
BikePoints_883,"London Fields, Hackney Central",51.54119,-0.058826,200025,true,false,2013-10-03,,2026-01-09,
BikePoints_884,"Westfield Ariel Way, White City",51.509158,-0.224103,200141,true,false,2012-03-05,,2025-10-17,
BikePoints_885,"Gloucester Avenue, Camden Town",51.537349,-0.147154,200145,true,false,,,2026-01-12,
BikePoints_887,"London Zoo Car Park, The Regent's Park",51.536922,-0.150181,001188,true,false,2010-07-27,,2026-02-11,
BikePoints_888,"Norton Folgate, Liverpool Street",51.521113,-0.078869,001068,true,false,2010-07-15,,2026-03-05,
BikePoints_889,"Horse Guards Avenue, Westminster",51.505031,-0.123,300066,true,false,,,2026-06-06,2026-06-13
BikePoints_889,"Horse Guards Avenue, Westminster",51.505031,-0.123,300066,true,false,2026-06-01,,2026-06-13,
BikePoints_890,"Burdett Road, Mile End",51.516196,-0.029137,200123,true,false,,,2026-06-27,
